Timestamp,Target
6/4/2012,0.5146
6/5/2012,0.514
6/6/2012,0.5357
6/7/2012,0.5558
6/8/2012,0.5381
6/9/2012,0.5492
6/10/2012,0.5
6/11/2012,0.5083
6/12/2012,0.5
6/13/2012,0.5221
6/14/2012,0.524
6/15/2012,0.5222
6/16/2012,0.5266
6/17/2012,0.512
6/18/2012,0.5
6/19/2012,0.5
6/20/2012,0.5173
6/21/2012,0.5464
6/22/2012,0.5053
6/23/2012,0.5318
6/24/2012,0.5
6/25/2012,0.5
6/26/2012,0.5
6/27/2012,0.5059
6/28/2012,0.523
7/1/2012,0.4828
7/2/2012,0.4828
7/3/2012,0.4828
7/4/2012,0.4928
7/5/2012,0.4828
7/6/2012,0.4828
7/7/2012,0.4828
7/8/2012,0.4828
7/9/2012,0.4828
7/10/2012,0.4904
7/11/2012,0.5275
7/12/2012,0.4956
7/13/2012,0.5023
7/14/2012,0.4895
7/15/2012,0.4828
7/16/2012,0.4828
7/17/2012,0.4828
7/18/2012,0.5061
7/19/2012,0.4951
7/20/2012,0.4953
7/21/2012,0.4828
7/22/2012,0.4828
7/23/2012,0.4828
7/24/2012,0.4828
7/25/2012,0.5054
7/26/2012,0.4989
7/27/2012,0.4828
7/28/2012,0.4828
8/1/2012,0.4973
8/2/2012,0.5316
8/3/2012,0.4877
8/4/2012,0.539
8/5/2012,0.4828
8/6/2012,0.4828
8/7/2012,0.4828
8/8/2012,0.4862
8/9/2012,0.5
8/10/2012,0.5041
8/11/2012,0.4972
8/12/2012,0.4551
8/13/2012,0.4551
8/14/2012,0.4551
8/15/2012,0.4551
8/16/2012,0.4728
8/17/2012,0.4567
8/18/2012,0.456
8/19/2012,0.4551
8/20/2012,0.4551
8/21/2012,0.4551
8/22/2012,0.4551
8/23/2012,0.4767
8/24/2012,0.4733
8/25/2012,0.4784
8/26/2012,0.4551
8/27/2012,0.4551
8/28/2012,0.4551
9/1/2012,0.4675
9/2/2012,0.4551
9/3/2012,0.4551
9/4/2012,0.4551
9/5/2012,0.4551
9/6/2012,0.4788
9/7/2012,0.4551
9/8/2012,0.4551
9/9/2012,0.4551
9/10/2012,0.4551
9/11/2012,0.4551
9/12/2012,0.4551
9/13/2012,0.4551
9/14/2012,0.4551
9/15/2012,0.4551
9/16/2012,0.4551
9/17/2012,0.4551
9/18/2012,0.4551
9/19/2012,0.4551
9/20/2012,0.4551
9/21/2012,0.4551
9/22/2012,0.4551
9/23/2012,0.4551
9/24/2012,0.4551
9/25/2012,0.4551
9/26/2012,0.4551
9/27/2012,0.4551
9/28/2012,0.4551
10/1/2012,0.4273
10/2/2012,0.4273
10/3/2012,0.4273
10/4/2012,0.4273
10/5/2012,0.4273
10/6/2012,0.4273
10/7/2012,0.4273
10/8/2012,0.4273
10/9/2012,0.4273
10/10/2012,0.4273
10/11/2012,0.4273
10/12/2012,0.4273
10/13/2012,0.4273
10/14/2012,0.4273
10/15/2012,0.4273
10/16/2012,0.4273
10/17/2012,0.4273
10/18/2012,0.4273
10/19/2012,0.4273
10/20/2012,0.4273
10/21/2012,0.4273
10/22/2012,0.4273
10/23/2012,0.4273
10/24/2012,0.4273
10/25/2012,0.4273
10/26/2012,0.4273
10/27/2012,0.4273
10/28/2012,0.4273
11/1/2012,0.4273
11/2/2012,0.4273
11/3/2012,0.4273
11/4/2012,0.4273
11/5/2012,0.4273
11/6/2012,0.4273
11/7/2012,0.4273
11/8/2012,0.4273
11/9/2012,0.4273
11/10/2012,0.4273
11/11/2012,0.4134
11/12/2012,0.4134
11/13/2012,0.4134
11/14/2012,0.4134
11/15/2012,0.4134
11/16/2012,0.4134
11/17/2012,0.4134
11/18/2012,0.4134
11/19/2012,0.4134
11/20/2012,0.4134
11/21/2012,0.4134
11/22/2012,0.4134
11/23/2012,0.4134
11/24/2012,0.4134
11/25/2012,0.4134
11/26/2012,0.4134
11/27/2012,0.4134
11/28/2012,0.4134
12/1/2012,0.4134
12/2/2012,0.4134
12/3/2012,0.4134
12/4/2012,0.4134
12/5/2012,0.4134
12/6/2012,0.4134
12/7/2012,0.4134
12/8/2012,0.4134
12/9/2012,0.4134
12/10/2012,0.4134
12/11/2012,0.4134
12/12/2012,0.4134
12/13/2012,0.4134
12/14/2012,0.4134
12/15/2012,0.4134
12/16/2012,0.4134
12/17/2012,0.4134
12/18/2012,0.4134
12/19/2012,0.4134
12/20/2012,0.4134
12/21/2012,0.4134
12/22/2012,0.4134
12/23/2012,0.4134
12/24/2012,0.4134
12/25/2012,0.4134
12/26/2012,0.4134
12/27/2012,0.4134
12/28/2012,0.4134
1/1/2013,0.4134
1/2/2013,0.4134
1/3/2013,0.4134
1/4/2013,0.4134
1/5/2013,0.4134
1/6/2013,0.4134
1/7/2013,0.4134
1/8/2013,0.4134
1/9/2013,0.4134
1/10/2013,0.4134
1/11/2013,0.4134
1/12/2013,0.4134
1/13/2013,0.4134
1/14/2013,0.4134
1/15/2013,0.4134
1/16/2013,0.4134
1/17/2013,0.4134
1/18/2013,0.4134
1/19/2013,0.4134
1/20/2013,0.4134
1/21/2013,0.4134
1/22/2013,0.4134
1/23/2013,0.4134
1/24/2013,0.4134
1/25/2013,0.4134
1/26/2013,0.4134
1/27/2013,0.4134
1/28/2013,0.4134
2/1/2013,0.4134
2/2/2013,0.4134
2/3/2013,0.4134
2/4/2013,0.4134
2/5/2013,0.4134
2/6/2013,0.4134
2/7/2013,0.4134
2/8/2013,0.4134
2/9/2013,0.4134
2/10/2013,0.4134
2/11/2013,0.4134
2/12/2013,0.4134
2/13/2013,0.4134
2/14/2013,0.4134
2/15/2013,0.4134
2/16/2013,0.4134
2/17/2013,0.4134
2/18/2013,0.4134
2/19/2013,0.4134
2/20/2013,0.4134
2/21/2013,0.4134
2/22/2013,0.4134
2/23/2013,0.4134
2/24/2013,0.4134
2/25/2013,0.4134
2/26/2013,0.4134
2/27/2013,0.4134
2/28/2013,0.4134
3/1/2013,0.4134
3/2/2013,0.4134
3/3/2013,0.4134
3/4/2013,0.4134
3/5/2013,0.4134
3/6/2013,0.4134
3/7/2013,0.4134
3/8/2013,0.4134
3/9/2013,0.4134
3/10/2013,0.4134
3/11/2013,0.4134
3/12/2013,0.4134
3/13/2013,0.4134
3/14/2013,0.4134
3/15/2013,0.4134
3/16/2013,0.4134
3/17/2013,0.4134
3/18/2013,0.4134
3/19/2013,0.4134
3/20/2013,0.4134
3/21/2013,0.4134
3/22/2013,0.4134
3/23/2013,0.4134
3/24/2013,0.4134
3/25/2013,0.4134
3/26/2013,0.4134
3/27/2013,0.4134
3/28/2013,0.4134
4/1/2013,0.4134
4/2/2013,0.4134
4/3/2013,0.4134
4/4/2013,0.4134
4/5/2013,0.4134
4/6/2013,0.4134
4/7/2013,0.4134
4/8/2013,0.4134
4/9/2013,0.4134
4/10/2013,0.4134
4/11/2013,0.4134
4/12/2013,0.4134
4/13/2013,0.4134
4/14/2013,0.4134
4/15/2013,0.4134
4/16/2013,0.4134
4/17/2013,0.4134
4/18/2013,0.4134
4/19/2013,0.4134
4/20/2013,0.4134
4/21/2013,0.4134
4/22/2013,0.4134
4/23/2013,0.4134
4/24/2013,0.4134
4/25/2013,0.4134
4/26/2013,0.4134
4/27/2013,0.4134
4/28/2013,0.4134
5/1/2013,0.4134
5/2/2013,0.4134
5/3/2013,0.4134
5/4/2013,0.4134
5/5/2013,0.4134
5/6/2013,0.4134
5/7/2013,0.4134
5/8/2013,0.4134
5/9/2013,0.4134
5/10/2013,0.4134
5/11/2013,0.4134
5/12/2013,0.4134
5/13/2013,0.4134
5/14/2013,0.4134
5/15/2013,0.4134
5/16/2013,0.4134
5/17/2013,0.4134
5/18/2013,0.4273
5/19/2013,0.4273
5/20/2013,0.4273
5/21/2013,0.4273
5/22/2013,0.4273
5/23/2013,0.4273
5/24/2013,0.4273
5/25/2013,0.4273
5/26/2013,0.4273
5/27/2013,0.4273
5/28/2013,0.4273
6/1/2013,0.4273
6/2/2013,0.4273
6/3/2013,0.4273
6/4/2013,0.4273
6/5/2013,0.4273
6/6/2013,0.4273
6/7/2013,0.4273
6/8/2013,0.4273
6/9/2013,0.4273
6/10/2013,0.4273
6/11/2013,0.4273
6/12/2013,0.4273
6/13/2013,0.4273
6/14/2013,0.4273
6/15/2013,0.4273
6/16/2013,0.4273
6/17/2013,0.4273
6/18/2013,0.4273
6/19/2013,0.4273
6/20/2013,0.4273
6/21/2013,0.4273
6/22/2013,0.4273
6/23/2013,0.4273
6/24/2013,0.4273
6/25/2013,0.4273
6/26/2013,0.4273
6/27/2013,0.4273
6/28/2013,0.4273
7/1/2013,0.4551
7/2/2013,0.4551
7/3/2013,0.4551
7/4/2013,0.4551
7/5/2013,0.4551
7/6/2013,0.4551
7/7/2013,0.4551
7/8/2013,0.4551
7/9/2013,0.4551
7/10/2013,0.4551
7/11/2013,0.4551
7/12/2013,0.4551
7/13/2013,0.4551
7/14/2013,0.4551
7/15/2013,0.4551
7/16/2013,0.4551
7/17/2013,0.4551
7/18/2013,0.4551
7/19/2013,0.4551
7/20/2013,0.466
7/21/2013,0.4551
7/22/2013,0.4551
7/23/2013,0.4551
7/24/2013,0.4706
7/25/2013,0.4551
7/26/2013,0.4551
7/27/2013,0.4551
7/28/2013,0.4551
8/1/2013,0.4761
8/2/2013,0.4774
8/3/2013,0.4896
8/4/2013,0.4551
8/5/2013,0.4551
8/6/2013,0.4551
8/7/2013,0.4678
8/8/2013,0.4922
8/9/2013,0.4902
8/10/2013,0.493
8/11/2013,0.5036
8/12/2013,0.4828
8/13/2013,0.4828
8/14/2013,0.4912
8/15/2013,0.5067
8/16/2013,0.5058
8/17/2013,0.5378
8/18/2013,0.4828
8/19/2013,0.4828
8/20/2013,0.4828
8/21/2013,0.4846
8/22/2013,0.5103
8/23/2013,0.5057
8/24/2013,0.5317
8/25/2013,0.5048
8/26/2013,0.4828
8/27/2013,0.4828
8/28/2013,0.4828
9/1/2013,0.4828
9/2/2013,0.4828
9/3/2013,0.4828
9/4/2013,0.4972
9/5/2013,0.5157
9/6/2013,0.4955
9/7/2013,0.5303
9/8/2013,0.5028
9/9/2013,0.4828
9/10/2013,0.4828
9/11/2013,0.5038
9/12/2013,0.5203
9/13/2013,0.5371
9/14/2013,0.5374
9/15/2013,0.5094
9/16/2013,0.4828
9/17/2013,0.4828
9/18/2013,0.4999
9/19/2013,0.5341
9/20/2013,0.5327
9/21/2013,0.5537
9/22/2013,0.5053
9/23/2013,0.4828
9/24/2013,0.4828
9/25/2013,0.503
9/26/2013,0.5316
9/27/2013,0.5369
9/28/2013,0.52
10/1/2013,0.5079
10/2/2013,0.5516
10/3/2013,0.5506
10/4/2013,0.5391
10/5/2013,0.5086
10/6/2013,0.5177
10/7/2013,0.5
10/8/2013,0.5232
10/9/2013,0.5514
10/10/2013,0.516
10/11/2013,0.5434
10/12/2013,0.5285
10/13/2013,0.5037
10/14/2013,0.5
10/15/2013,0.513
10/16/2013,0.5443
10/17/2013,0.5355
10/18/2013,0.5555
10/19/2013,0.5328
10/20/2013,0.5224
10/21/2013,0.5
10/22/2013,0.5172
10/23/2013,0.5544
10/24/2013,0.535
10/25/2013,0.5549
10/26/2013,0.556
10/27/2013,0.5158
10/28/2013,0.5
11/1/2013,0.5925
11/2/2013,0.5782
11/3/2013,0.585
11/4/2013,0.5594
11/5/2013,0.5536
11/6/2013,0.5881
11/7/2013,0.6064
11/8/2013,0.5871
11/9/2013,0.5863
11/10/2013,0.5696
11/11/2013,0.5505
11/12/2013,0.5455
11/13/2013,0.5691
11/14/2013,0.5875
11/15/2013,0.6165
11/16/2013,0.5837
11/17/2013,0.529
11/18/2013,0.5224
11/19/2013,0.5193
11/20/2013,0.5428
11/21/2013,0.563
11/22/2013,0.5768
11/23/2013,0.5769
11/24/2013,0.5194
11/25/2013,0.518
11/26/2013,0.5228
11/27/2013,0.5465
11/28/2013,0.5756
12/1/2013,0.5208
12/2/2013,0.5139
12/3/2013,0.5389
12/4/2013,0.5829
12/5/2013,0.5533
12/6/2013,0.5544
12/7/2013,0.556
12/8/2013,0.5243
12/9/2013,0.5
12/10/2013,0.5185
12/11/2013,0.5462
12/12/2013,0.5527
12/13/2013,0.5553
12/14/2013,0.5545
12/15/2013,0.5216
12/16/2013,0.5216
12/17/2013,0.5557
12/18/2013,0.5708
12/19/2013,0.5789
12/20/2013,0.5822
12/21/2013,0.5761
12/22/2013,0.5447
12/23/2013,0.5348
12/24/2013,0.5596
12/25/2013,0.6106
12/26/2013,0.5475
12/27/2013,0.5521
12/28/2013,0.5508
1/1/2014,0.5496
1/2/2014,0.5734
1/3/2014,0.577
1/4/2014,0.5495
1/5/2014,0.5257
1/6/2014,0.515
1/7/2014,0.5082
1/8/2014,0.5346
1/9/2014,0.5756
1/10/2014,0.567
1/11/2014,0.5721
1/12/2014,0.538
1/13/2014,0.5013
1/14/2014,0.5191
1/15/2014,0.5443
1/16/2014,0.5593
1/17/2014,0.5505
1/18/2014,0.5738
1/19/2014,0.5081
1/20/2014,0.5
1/21/2014,0.5088
1/22/2014,0.5337
1/23/2014,0.5728
1/24/2014,0.5486
1/25/2014,0.5625
1/26/2014,0.5764
1/27/2014,0.5482
1/28/2014,0.5377
2/1/2014,0.6132
2/2/2014,0.6104
2/3/2014,0.5792
2/4/2014,0.576
2/5/2014,0.603
2/6/2014,0.6155
2/7/2014,0.6131
2/8/2014,0.6137
2/9/2014,0.5936
2/10/2014,0.5846
2/11/2014,0.5785
2/12/2014,0.6056
2/13/2014,0.6088
2/14/2014,0.61
2/15/2014,0.6425
2/16/2014,0.5933
2/17/2014,0.5809
2/18/2014,0.5863
2/19/2014,0.6144
2/20/2014,0.6092
2/21/2014,0.6401
2/22/2014,0.6366
2/23/2014,0.5918
2/24/2014,0.5624
2/25/2014,0.5487
2/26/2014,0.5769
2/27/2014,0.64
2/28/2014,0.6321
3/1/2014,0.554
3/2/2014,0.554
3/3/2014,0.5589
3/4/2014,0.5241
3/5/2014,0.5027
3/6/2014,0.5
3/7/2014,0.5
3/8/2014,0.5
3/9/2014,0.5
3/10/2014,0.5012
3/11/2014,0.5
3/12/2014,0.5
3/13/2014,0.5
3/14/2014,0.5027
3/15/2014,0.5
3/16/2014,0.5
3/17/2014,0.5
3/18/2014,0.5
3/19/2014,0.5
3/20/2014,0.5
3/21/2014,0.5014
3/22/2014,0.5
3/23/2014,0.5
3/24/2014,0.5
3/25/2014,0.5007
3/26/2014,0.5
3/27/2014,0.5
3/28/2014,0.5
4/1/2014,0.5267
4/2/2014,0.554
4/3/2014,0.5813
4/4/2014,0.6085
4/5/2014,0.6164
4/6/2014,0.5779
4/7/2014,0.5872
4/8/2014,0.5537
4/9/2014,0.5821
4/10/2014,0.6075
4/11/2014,0.631
4/12/2014,0.6147
4/13/2014,0.6004
4/14/2014,0.5489
4/15/2014,0.5833
4/16/2014,0.6108
4/17/2014,0.6211
4/18/2014,0.6401
4/19/2014,0.5856
4/20/2014,0.5856
4/21/2014,0.5201
4/22/2014,0.5061
4/23/2014,0.5349
4/24/2014,0.5694
4/25/2014,0.5829
4/26/2014,0.5655
4/27/2014,0.5556
4/28/2014,0.5036
5/1/2014,0.5461
5/2/2014,0.5297
5/3/2014,0.5264
5/4/2014,0.5027
5/5/2014,0.5
5/6/2014,0.5
5/7/2014,0.5205
5/8/2014,0.5178
5/9/2014,0.5162
5/10/2014,0.5057
5/11/2014,0.5
5/12/2014,0.5
5/13/2014,0.5
5/14/2014,0.5036
5/15/2014,0.5106
5/16/2014,0.5114
5/17/2014,0.529
5/18/2014,0.5
5/19/2014,0.5
5/20/2014,0.5
5/21/2014,0.5269
5/22/2014,0.5667
5/23/2014,0.5691
5/24/2014,0.5481
5/25/2014,0.5532
5/26/2014,0.512
5/27/2014,0.5411
5/28/2014,0.58
6/1/2014,0.5607
6/2/2014,0.554
6/3/2014,0.5664
6/4/2014,0.5854
6/5/2014,0.6281
6/6/2014,0.6395
6/7/2014,0.6247
6/8/2014,0.5882
6/9/2014,0.5614
6/10/2014,0.5577
6/11/2014,0.5861
6/12/2014,0.6107
6/13/2014,0.6132
6/14/2014,0.6086
6/15/2014,0.5763
6/16/2014,0.5648
6/17/2014,0.5614
6/18/2014,0.5901
6/19/2014,0.6042
6/20/2014,0.6152
6/21/2014,0.6015
6/22/2014,0.5713
6/23/2014,0.5224
6/24/2014,0.532
6/25/2014,0.5606
6/26/2014,0.5897
6/27/2014,0.6166
6/28/2014,0.5861
7/1/2014,0.5467
7/2/2014,0.5857
7/3/2014,0.5805
7/4/2014,0.5701
7/5/2014,0.5867
7/6/2014,0.53
7/7/2014,0.5162
7/8/2014,0.5456
7/9/2014,0.5714
7/10/2014,0.5627
7/11/2014,0.5716
7/12/2014,0.565
7/13/2014,0.5562
7/14/2014,0.5042
7/15/2014,0.5223
7/16/2014,0.5675
7/17/2014,0.5721
7/18/2014,0.5661
7/19/2014,0.5607
7/20/2014,0.5554
7/21/2014,0.5279
7/22/2014,0.5564
7/23/2014,0.5859
7/24/2014,0.6027
7/25/2014,0.6088
7/26/2014,0.589
7/27/2014,0.5799
7/28/2014,0.5536
8/1/2014,0.6059
8/2/2014,0.6198
8/3/2014,0.6118
8/4/2014,0.5625
8/5/2014,0.5668
8/6/2014,0.5968
8/7/2014,0.6434
8/8/2014,0.6072
8/9/2014,0.6403
8/10/2014,0.5937
8/11/2014,0.5532
8/12/2014,0.55
8/13/2014,0.5783
8/14/2014,0.6431
8/15/2014,0.6103
8/16/2014,0.6211
8/17/2014,0.6069
8/18/2014,0.5545
8/19/2014,0.5663
8/20/2014,0.5853
8/21/2014,0.6273
8/22/2014,0.6391
8/23/2014,0.6212
8/24/2014,0.5917
8/25/2014,0.5561
8/26/2014,0.5598
8/27/2014,0.5884
8/28/2014,0.6112
9/1/2014,0.5605
9/2/2014,0.5531
9/3/2014,0.5815
9/4/2014,0.6416
9/5/2014,0.6258
9/6/2014,0.6141
9/7/2014,0.5864
9/8/2014,0.5829
9/9/2014,0.5641
9/10/2014,0.5935
9/11/2014,0.6369
9/12/2014,0.6346
9/13/2014,0.64
9/14/2014,0.596
9/15/2014,0.5566
9/16/2014,0.5696
9/17/2014,0.5887
9/18/2014,0.6323
9/19/2014,0.6139
9/20/2014,0.6078
9/21/2014,0.586
9/22/2014,0.5647
9/23/2014,0.5697
9/24/2014,0.5888
9/25/2014,0.6235
9/26/2014,0.6089
9/27/2014,0.6121
9/28/2014,0.576
10/1/2014,0.5877
10/2/2014,0.5983
10/3/2014,0.5853
10/4/2014,0.5943
10/5/2014,0.5627
10/6/2014,0.5251
10/7/2014,0.5535
10/8/2014,0.6117
10/9/2014,0.5883
10/10/2014,0.5901
10/11/2014,0.5857
10/12/2014,0.5519
10/13/2014,0.54
10/14/2014,0.569
10/15/2014,0.5963
10/16/2014,0.6
10/17/2014,0.5796
10/18/2014,0.5943
10/19/2014,0.5602
10/20/2014,0.5493
10/21/2014,0.569
10/22/2014,0.6083
10/23/2014,0.5975
10/24/2014,0.5942
10/25/2014,0.6131
10/26/2014,0.5707
10/27/2014,0.5267
10/28/2014,0.5552
11/1/2014,0.6043
11/2/2014,0.5932
11/3/2014,0.564
11/4/2014,0.5719
11/5/2014,0.6021
11/6/2014,0.642
11/7/2014,0.6413
11/8/2014,0.6043
11/9/2014,0.5876
11/10/2014,0.5634
11/11/2014,0.5545
11/12/2014,0.5828
11/13/2014,0.6404
11/14/2014,0.6396
11/15/2014,0.6421
11/16/2014,0.6024
11/17/2014,0.5629
11/18/2014,0.5672
11/19/2014,0.5971
11/20/2014,0.6327
11/21/2014,0.6087
11/22/2014,0.6072
11/23/2014,0.5936
11/24/2014,0.5697
11/25/2014,0.567
11/26/2014,0.597
11/27/2014,0.6359
11/28/2014,0.6171
12/1/2014,0.5485
12/2/2014,0.5681
12/3/2014,0.6
12/4/2014,0.5875
12/5/2014,0.6057
12/6/2014,0.5858
12/7/2014,0.5656
12/8/2014,0.5438
12/9/2014,0.574
12/10/2014,0.624
12/11/2014,0.6032
12/12/2014,0.5998
12/13/2014,0.6012
12/14/2014,0.5673
12/15/2014,0.5459
12/16/2014,0.5657
12/17/2014,0.604
12/18/2014,0.6091
12/19/2014,0.6029
12/20/2014,0.6253
12/21/2014,0.5733
12/22/2014,0.5563
12/23/2014,0.5871
12/24/2014,0.623
12/25/2014,0.5916
12/26/2014,0.5853
12/27/2014,0.5734
12/28/2014,0.5469
1/1/2015,0.6058
1/2/2015,0.5718
1/3/2015,0.5954
1/4/2015,0.5599
1/5/2015,0.5437
1/6/2015,0.5253
1/7/2015,0.5563
1/8/2015,0.5669
1/9/2015,0.5863
1/10/2015,0.5828
1/11/2015,0.5701
1/12/2015,0.5234
1/13/2015,0.5197
1/14/2015,0.5502
1/15/2015,0.5887
1/16/2015,0.582
1/17/2015,0.5968
1/18/2015,0.5733
1/19/2015,0.5417
1/20/2015,0.5345
1/21/2015,0.5659
1/22/2015,0.5794
1/23/2015,0.5882
1/24/2015,0.5908
1/25/2015,0.5635
1/26/2015,0.5579
1/27/2015,0.5549
1/28/2015,0.5856
2/1/2015,0.5882
2/2/2015,0.5835
2/3/2015,0.601
2/4/2015,0.623
2/5/2015,0.6644
2/6/2015,0.647
2/7/2015,0.6632
2/8/2015,0.6299
2/9/2015,0.5978
2/10/2015,0.584
2/11/2015,0.6154
2/12/2015,0.6317
2/13/2015,0.6603
2/14/2015,0.6342
2/15/2015,0.6202
2/16/2015,0.5939
2/17/2015,0.5678
2/18/2015,0.5678
2/19/2015,0.6057
2/20/2015,0.5895
2/21/2015,0.5866
2/22/2015,0.5732
2/23/2015,0.5465
2/24/2015,0.5557
2/25/2015,0.5886
2/26/2015,0.6218
2/27/2015,0.5911
2/28/2015,0.604
3/1/2015,0.5169
3/2/2015,0.5236
3/3/2015,0.5179
3/4/2015,0.5434
3/5/2015,0.5224
3/6/2015,0.5016
3/7/2015,0.5195
3/8/2015,0.5195
3/9/2015,0.5373
3/10/2015,0.5199
3/11/2015,0.5256
3/12/2015,0.5412
3/13/2015,0.5279
3/14/2015,0.5256
3/15/2015,0.5256
3/16/2015,0.5256
3/17/2015,0.5589
3/18/2015,0.5796
3/19/2015,0.6067
3/20/2015,0.5896
3/21/2015,0.6081
3/22/2015,0.6081
3/23/2015,0.6265
3/24/2015,0.5693
3/25/2015,0.5953
3/26/2015,0.5797
3/27/2015,0.566
3/28/2015,0.5664
4/1/2015,0.6302
4/2/2015,0.6641
4/3/2015,0.6862
4/4/2015,0.6462
4/5/2015,0.6271
4/6/2015,0.6082
4/7/2015,0.6031
4/8/2015,0.6378
4/9/2015,0.6669
4/10/2015,0.6388
4/11/2015,0.6635
4/12/2015,0.6327
4/13/2015,0.605
4/14/2015,0.6023
4/15/2015,0.6266
4/16/2015,0.6469
4/17/2015,0.6427
4/18/2015,0.6409
4/19/2015,0.615
4/20/2015,0.6064
4/21/2015,0.6018
4/22/2015,0.6018
4/23/2015,0.6317
4/24/2015,0.6111
4/25/2015,0.631
4/26/2015,0.6296
4/27/2015,0.543
4/28/2015,0.5655
5/1/2015,0.6079
5/2/2015,0.5724
5/3/2015,0.5444
5/4/2015,0.5444
5/5/2015,0.5792
5/6/2015,0.6111
5/7/2015,0.6097
5/8/2015,0.6291
5/9/2015,0.6066
5/10/2015,0.5713
5/11/2015,0.5443
5/12/2015,0.579
5/13/2015,0.6121
5/14/2015,0.5699
5/15/2015,0.5956
5/16/2015,0.572
5/17/2015,0.5702
5/18/2015,0.5519
5/19/2015,0.587
5/20/2015,0.63
5/21/2015,0.6271
5/22/2015,0.6501
5/23/2015,0.6487
5/24/2015,0.6146
5/25/2015,0.5802
5/26/2015,0.605
5/27/2015,0.6299
5/28/2015,0.6318
6/1/2015,0.6159
6/2/2015,0.6513
6/3/2015,0.6767
6/4/2015,0.7067
6/5/2015,0.6647
6/6/2015,0.6947
6/7/2015,0.6582
6/8/2015,0.6345
6/9/2015,0.6233
6/10/2015,0.6596
6/11/2015,0.6836
6/12/2015,0.6779
6/13/2015,0.7149
6/14/2015,0.6481
6/15/2015,0.6306
6/16/2015,0.6237
6/17/2015,0.66
6/18/2015,0.6887
6/19/2015,0.6929
6/20/2015,0.6836
6/21/2015,0.6525
6/22/2015,0.6361
6/23/2015,0.637
6/24/2015,0.664
6/25/2015,0.702
6/26/2015,0.6815
6/27/2015,0.6932
6/28/2015,0.6661
7/1/2015,0.6822
7/2/2015,0.6651
7/3/2015,0.6702
7/4/2015,0.6638
7/5/2015,0.6573
7/6/2015,0.6422
7/7/2015,0.6694
7/8/2015,0.7199
7/9/2015,0.7105
7/10/2015,0.6602
7/11/2015,0.6963
7/12/2015,0.6846
7/13/2015,0.6417
7/14/2015,0.6688
7/15/2015,0.6896
7/16/2015,0.6817
7/17/2015,0.7095
7/18/2015,0.6794
7/19/2015,0.6854
7/20/2015,0.6478
7/21/2015,0.6858
7/22/2015,0.7143
7/23/2015,0.688
7/24/2015,0.7123
7/25/2015,0.7172
7/26/2015,0.6628
7/27/2015,0.631
7/28/2015,0.6675
8/1/2015,0.7317
8/2/2015,0.7143
8/3/2015,0.6924
8/4/2015,0.6857
8/5/2015,0.7138
8/6/2015,0.7444
8/7/2015,0.736
8/8/2015,0.7566
8/9/2015,0.6993
8/10/2015,0.6945
8/11/2015,0.6856
8/12/2015,0.724
8/13/2015,0.7538
8/14/2015,0.7139
8/15/2015,0.7461
8/16/2015,0.7108
8/17/2015,0.678
8/18/2015,0.6752
8/19/2015,0.7127
8/20/2015,0.7371
8/21/2015,0.7301
8/22/2015,0.7414
8/23/2015,0.7204
8/24/2015,0.695
8/25/2015,0.6538
8/26/2015,0.6827
8/27/2015,0.7211
8/28/2015,0.7334
9/1/2015,0.6876
9/2/2015,0.7263
9/3/2015,0.7476
9/4/2015,0.7385
9/5/2015,0.7511
9/6/2015,0.6874
9/7/2015,0.6696
9/8/2015,0.6485
9/9/2015,0.6866
9/10/2015,0.69
9/11/2015,0.7254
9/12/2015,0.6939
9/13/2015,0.6646
9/14/2015,0.6607
9/15/2015,0.6639
9/16/2015,0.6928
9/17/2015,0.6853
9/18/2015,0.72
9/19/2015,0.7207
9/20/2015,0.655
9/21/2015,0.6354
9/22/2015,0.6308
9/23/2015,0.6599
9/24/2015,0.684
9/25/2015,0.7171
9/26/2015,0.6959
9/27/2015,0.683
9/28/2015,0.6492
10/1/2015,0.693
10/2/2015,0.6917
10/3/2015,0.6791
10/4/2015,0.6346
10/5/2015,0.5996
10/6/2015,0.6291
10/7/2015,0.6686
10/8/2015,0.7034
10/9/2015,0.7107
10/10/2015,0.7156
10/11/2015,0.6689
10/12/2015,0.6344
10/13/2015,0.6344
10/14/2015,0.6883
10/15/2015,0.6694
10/16/2015,0.6708
10/17/2015,0.6876
10/18/2015,0.6611
10/19/2015,0.5956
10/20/2015,0.6243
10/21/2015,0.6566
10/22/2015,0.6825
10/23/2015,0.6818
10/24/2015,0.6876
10/25/2015,0.6275
10/26/2015,0.591
10/27/2015,0.6301
10/28/2015,0.6915
11/1/2015,0.6799
11/2/2015,0.6559
11/3/2015,0.5967
11/4/2015,0.6261
11/5/2015,0.6768
11/6/2015,0.6591
11/7/2015,0.6892
11/8/2015,0.6525
11/9/2015,0.6002
11/10/2015,0.6136
11/11/2015,0.6439
11/12/2015,0.6743
11/13/2015,0.7201
11/14/2015,0.7142
11/15/2015,0.6874
11/16/2015,0.6245
11/17/2015,0.6614
11/18/2015,0.6901
11/19/2015,0.7255
11/20/2015,0.7257
11/21/2015,0.7053
11/22/2015,0.693
11/23/2015,0.6257
11/24/2015,0.6283
11/25/2015,0.6677
11/26/2015,0.7002
11/27/2015,0.695
11/28/2015,0.73
12/1/2015,0.6303
12/2/2015,0.6594
12/3/2015,0.7176
12/4/2015,0.7295
12/5/2015,0.7057
12/6/2015,0.6569
12/7/2015,0.6319
12/8/2015,0.6616
12/9/2015,0.7066
12/10/2015,0.7297
12/11/2015,0.7253
12/12/2015,0.7075
12/13/2015,0.6883
12/14/2015,0.6578
12/15/2015,0.6864
12/16/2015,0.7228
12/17/2015,0.7137
12/18/2015,0.7211
12/19/2015,0.6868
12/20/2015,0.6864
12/21/2015,0.6591
12/22/2015,0.6876
12/23/2015,0.6882
12/24/2015,0.7121
12/25/2015,0.6882
12/26/2015,0.6646
12/27/2015,0.6483
12/28/2015,0.6232
1/1/2016,0.7261
1/2/2016,0.6587
1/3/2016,0.6487
1/4/2016,0.6209
1/5/2016,0.6235
1/6/2016,0.6518
1/7/2016,0.693
1/8/2016,0.6605
1/9/2016,0.6679
1/10/2016,0.6588
1/11/2016,0.6114
1/12/2016,0.6137
1/13/2016,0.6439
1/14/2016,0.6768
1/15/2016,0.6567
1/16/2016,0.6726
1/17/2016,0.648
1/18/2016,0.596
1/19/2016,0.6115
1/20/2016,0.6416
1/21/2016,0.6789
1/22/2016,0.6605
1/23/2016,0.6701
1/24/2016,0.6244
1/25/2016,0.5991
1/26/2016,0.6286
1/27/2016,0.6681
1/28/2016,0.7034
2/1/2016,0.6327
2/2/2016,0.6619
2/3/2016,0.6912
2/4/2016,0.7208
2/5/2016,0.7214
2/6/2016,0.7291
2/7/2016,0.6995
2/8/2016,0.6798
2/9/2016,0.6466
2/10/2016,0.6466
2/11/2016,0.6855
2/12/2016,0.6852
2/13/2016,0.689
2/14/2016,0.6278
2/15/2016,0.6168
2/16/2016,0.6095
2/17/2016,0.6501
2/18/2016,0.6728
2/19/2016,0.6826
2/20/2016,0.6682
2/21/2016,0.6415
2/22/2016,0.615
2/23/2016,0.595
2/24/2016,0.6344
2/25/2016,0.6914
2/26/2016,0.6882
2/27/2016,0.668
2/28/2016,0.6521
3/1/2016,0.5962
3/2/2016,0.6225
3/3/2016,0.598
3/4/2016,0.6109
3/5/2016,0.6165
3/6/2016,0.5931
3/7/2016,0.5931
3/8/2016,0.6216
3/9/2016,0.6603
3/10/2016,0.6658
3/11/2016,0.6918
3/12/2016,0.6841
3/13/2016,0.6456
3/14/2016,0.6456
3/15/2016,0.6678
3/16/2016,0.6949
3/17/2016,0.6612
3/18/2016,0.6689
3/19/2016,0.6702
3/20/2016,0.6279
3/21/2016,0.6279
3/22/2016,0.6936
3/23/2016,0.6826
3/24/2016,0.6552
3/25/2016,0.67
3/26/2016,0.6378
3/27/2016,0.6114
3/28/2016,0.6114
4/1/2016,0.7179
4/2/2016,0.705
4/3/2016,0.693
4/4/2016,0.6344
4/5/2016,0.6638
4/6/2016,0.6927
4/7/2016,0.7091
4/8/2016,0.711
4/9/2016,0.7273
4/10/2016,0.677
4/11/2016,0.6291
4/12/2016,0.6324
4/13/2016,0.6621
4/14/2016,0.7063
4/15/2016,0.7068
4/16/2016,0.6934
4/17/2016,0.6929
4/18/2016,0.6381
4/19/2016,0.6306
4/20/2016,0.6598
4/21/2016,0.7197
4/22/2016,0.6556
4/23/2016,0.6637
4/24/2016,0.6389
4/25/2016,0.6058
4/26/2016,0.6358
4/27/2016,0.6656
4/28/2016,0.7022
5/1/2016,0.6311
5/2/2016,0.5997
5/3/2016,0.6293
5/4/2016,0.6675
5/5/2016,0.6869
5/6/2016,0.6697
5/7/2016,0.6931
5/8/2016,0.63
5/9/2016,0.5974
5/10/2016,0.6268
5/11/2016,0.663
5/12/2016,0.6774
5/13/2016,0.676
5/14/2016,0.6876
5/15/2016,0.6346
5/16/2016,0.6027
5/17/2016,0.6326
5/18/2016,0.6701
5/19/2016,0.6919
5/20/2016,0.6916
5/21/2016,0.6562
5/22/2016,0.6608
5/23/2016,0.626
5/24/2016,0.655
5/25/2016,0.7277
5/26/2016,0.7016
5/27/2016,0.6558
5/28/2016,0.6611
6/1/2016,0.6541
6/2/2016,0.7315
6/3/2016,0.7035
6/4/2016,0.699
6/5/2016,0.6665
6/6/2016,0.6334
6/7/2016,0.6354
6/8/2016,0.6648
6/9/2016,0.6855
6/10/2016,0.7186
6/11/2016,0.7261
6/12/2016,0.6664
6/13/2016,0.6306
6/14/2016,0.628
6/15/2016,0.6571
6/16/2016,0.7222
6/17/2016,0.7188
6/18/2016,0.718
6/19/2016,0.6589
6/20/2016,0.627
6/21/2016,0.626
6/22/2016,0.6655
6/23/2016,0.6939
6/24/2016,0.711
6/25/2016,0.6872
6/26/2016,0.6634
6/27/2016,0.6685
6/28/2016,0.6547
7/1/2016,0.7053
7/2/2016,0.6963
7/3/2016,0.6642
7/4/2016,0.6272
7/5/2016,0.6562
7/6/2016,0.7269
7/7/2016,0.727
7/8/2016,0.7188
7/9/2016,0.7121
7/10/2016,0.6694
7/11/2016,0.6635
7/12/2016,0.6923
7/13/2016,0.7132
7/14/2016,0.6945
7/15/2016,0.6834
7/16/2016,0.7217
7/17/2016,0.6795
7/18/2016,0.6529
7/19/2016,0.6911
7/20/2016,0.7316
7/21/2016,0.718
7/22/2016,0.7146
7/23/2016,0.7067
7/24/2016,0.6935
7/25/2016,0.6299
7/26/2016,0.6591
7/27/2016,0.7045
7/28/2016,0.7074
8/1/2016,0.6629
8/2/2016,0.6639
8/3/2016,0.6933
8/4/2016,0.7228
8/5/2016,0.7537
8/6/2016,0.7413
8/7/2016,0.7088
8/8/2016,0.6944
8/9/2016,0.6698
8/10/2016,0.6995
8/11/2016,0.747
8/12/2016,0.7315
8/13/2016,0.7148
8/14/2016,0.7208
8/15/2016,0.6896
8/16/2016,0.6859
8/17/2016,0.714
8/18/2016,0.737
8/19/2016,0.7412
8/20/2016,0.7535
8/21/2016,0.7176
8/22/2016,0.6641
8/23/2016,0.6676
8/24/2016,0.6977
8/25/2016,0.7417
8/26/2016,0.7462
8/27/2016,0.7252
8/28/2016,0.7116
9/1/2016,0.7558
9/2/2016,0.7212
9/3/2016,0.7547
9/4/2016,0.7256
9/5/2016,0.6667
9/6/2016,0.6655
9/7/2016,0.695
9/8/2016,0.6938
9/9/2016,0.7159
9/10/2016,0.6843
9/11/2016,0.6795
9/12/2016,0.6271
9/13/2016,0.6291
9/14/2016,0.6687
9/15/2016,0.7016
9/16/2016,0.6854
9/17/2016,0.724
9/18/2016,0.689
9/19/2016,0.6334
9/20/2016,0.6286
9/21/2016,0.6681
9/22/2016,0.6927
9/23/2016,0.7112
9/24/2016,0.7022
9/25/2016,0.6862
9/26/2016,0.6361
9/27/2016,0.6296
9/28/2016,0.6588
10/1/2016,0.6583
10/2/2016,0.6633
10/3/2016,0.6288
10/4/2016,0.6573
10/5/2016,0.6896
10/6/2016,0.6878
10/7/2016,0.6558
10/8/2016,0.6929
10/9/2016,0.6667
10/10/2016,0.6338
10/11/2016,0.6635
10/12/2016,0.6999
10/13/2016,0.6912
10/14/2016,0.6689
10/15/2016,0.684
10/16/2016,0.6532
10/17/2016,0.6238
10/18/2016,0.6521
10/19/2016,0.6892
10/20/2016,0.6614
10/21/2016,0.6758
10/22/2016,0.687
10/23/2016,0.6341
10/24/2016,0.598
10/25/2016,0.6274
10/26/2016,0.66
10/27/2016,0.6532
10/28/2016,0.6829
11/1/2016,0.6609
11/2/2016,0.6895
11/3/2016,0.6844
11/4/2016,0.6825
11/5/2016,0.6878
11/6/2016,0.6437
11/7/2016,0.6059
11/8/2016,0.6141
11/9/2016,0.6518
11/10/2016,0.6886
11/11/2016,0.6758
11/12/2016,0.6845
11/13/2016,0.6934
11/14/2016,0.6278
11/15/2016,0.6275
11/16/2016,0.6275
11/17/2016,0.6562
11/18/2016,0.6523
11/19/2016,0.6912
11/20/2016,0.6491
11/21/2016,0.6256
11/22/2016,0.6297
11/23/2016,0.6582
11/24/2016,0.6913
11/25/2016,0.6619
11/26/2016,0.6851
11/27/2016,0.627
11/28/2016,0.6071
12/1/2016,0.6435
12/2/2016,0.6569
12/3/2016,0.6701
12/4/2016,0.6474
12/5/2016,0.6153
12/6/2016,0.643
12/7/2016,0.6867
12/8/2016,0.6826
12/9/2016,0.6608
12/10/2016,0.665
12/11/2016,0.638
12/12/2016,0.6078
12/13/2016,0.6451
12/14/2016,0.68
12/15/2016,0.6717
12/16/2016,0.7003
12/17/2016,0.6934
12/18/2016,0.6917
12/19/2016,0.6437
12/20/2016,0.6815
12/21/2016,0.7088
12/22/2016,0.7095
12/23/2016,0.698
12/24/2016,0.6882
12/25/2016,0.6699
12/26/2016,0.6251
12/27/2016,0.6615
12/28/2016,0.689
1/1/2017,0.6858
1/2/2017,0.6922
1/3/2017,0.6732
1/4/2017,0.7106
1/5/2017,0.7271
1/6/2017,0.7112
1/7/2017,0.7085
1/8/2017,0.688
1/9/2017,0.6666
1/10/2017,0.6766
1/11/2017,0.7141
1/12/2017,0.7526
1/13/2017,0.715
1/14/2017,0.715
1/15/2017,0.6784
1/16/2017,0.668
1/17/2017,0.666
1/18/2017,0.6926
1/19/2017,0.7269
1/20/2017,0.7117
1/21/2017,0.7109
1/22/2017,0.6665
1/23/2017,0.6509
1/24/2017,0.6553
1/25/2017,0.6914
1/26/2017,0.7223
1/27/2017,0.7197
1/28/2017,0.703
2/1/2017,0.6708
2/2/2017,0.7006
2/3/2017,0.7131
2/4/2017,0.746
2/5/2017,0.6833
2/6/2017,0.6655
2/7/2017,0.6458
2/8/2017,0.6814
2/9/2017,0.6956
2/10/2017,0.6825
2/11/2017,0.7274
2/12/2017,0.6703
2/13/2017,0.6428
2/14/2017,0.6392
2/15/2017,0.664
2/16/2017,0.6939
2/17/2017,0.6825
2/18/2017,0.6899
2/19/2017,0.6525
2/20/2017,0.6296
2/21/2017,0.6271
2/22/2017,0.6614
2/23/2017,0.694
2/24/2017,0.7062
2/25/2017,0.6685
2/26/2017,0.6697
2/27/2017,0.6279
2/28/2017,0.5898
3/1/2017,0.5304
3/2/2017,0.5393
3/3/2017,0.5403
3/4/2017,0.533
3/5/2017,0.533
3/6/2017,0.5256
3/7/2017,0.5408
3/8/2017,0.5062
3/9/2017,0.5385
3/10/2017,0.5203
3/11/2017,0.525
3/12/2017,0.525
3/13/2017,0.5198
3/14/2017,0.5116
3/15/2017,0.5
3/16/2017,0.5
3/17/2017,0.5261
3/18/2017,0.5181
3/19/2017,0.5181
3/20/2017,0.5001
3/21/2017,0.5
3/22/2017,0.5196
3/23/2017,0.5083
3/24/2017,0.5175
3/25/2017,0.5202
3/26/2017,0.5202
3/27/2017,0.5202
3/28/2017,0.5425
4/1/2017,0.6527
4/2/2017,0.5893
4/3/2017,0.5809
4/4/2017,0.604
4/5/2017,0.6367
4/6/2017,0.6857
4/7/2017,0.6485
4/8/2017,0.6381
4/9/2017,0.6041
4/10/2017,0.5858
4/11/2017,0.5897
4/12/2017,0.6212
4/13/2017,0.647
4/14/2017,0.6478
4/15/2017,0.5913
4/16/2017,0.5849
4/17/2017,0.546
4/18/2017,0.5497
4/19/2017,0.5803
4/20/2017,0.6051
4/21/2017,0.6031
4/22/2017,0.5715
4/23/2017,0.5611
4/24/2017,0.538
4/25/2017,0.5287
4/26/2017,0.5598
4/27/2017,0.5696
4/28/2017,0.5705
5/1/2017,0.5
5/2/2017,0.5
5/3/2017,0.5221
5/4/2017,0.5262
5/5/2017,0.5229
5/6/2017,0.5221
5/7/2017,0.5
5/8/2017,0.5
5/9/2017,0.5
5/10/2017,0.5013
5/11/2017,0.5031
5/12/2017,0.5245
5/13/2017,0.5037
5/14/2017,0.5028
5/15/2017,0.5028
5/16/2017,0.5303
5/17/2017,0.5437
5/18/2017,0.539
5/19/2017,0.5532
5/20/2017,0.5272
5/21/2017,0.5303
5/22/2017,0.5303
5/23/2017,0.5577
5/24/2017,0.5647
5/25/2017,0.5851
5/26/2017,0.5486
5/27/2017,0.5844
5/28/2017,0.5253
6/1/2017,0.5768
6/2/2017,0.6395
6/3/2017,0.6392
6/4/2017,0.6046
6/5/2017,0.5554
6/6/2017,0.5817
6/7/2017,0.609
6/8/2017,0.6406
6/9/2017,0.6043
6/10/2017,0.6166
6/11/2017,0.5934
6/12/2017,0.5602
6/13/2017,0.579
6/14/2017,0.6061
6/15/2017,0.6041
6/16/2017,0.6074
6/17/2017,0.5793
6/18/2017,0.5858
6/19/2017,0.5429
6/20/2017,0.5515
6/21/2017,0.5876
6/22/2017,0.6042
6/23/2017,0.6143
6/24/2017,0.5977
6/25/2017,0.5851
6/26/2017,0.5398
6/27/2017,0.5554
6/28/2017,0.5814
7/1/2017,0.5539
7/2/2017,0.5169
7/3/2017,0.5032
7/4/2017,0.5276
7/5/2017,0.574
7/6/2017,0.5803
7/7/2017,0.5363
7/8/2017,0.5838
7/9/2017,0.5205
7/10/2017,0.5
7/11/2017,0.5197
7/12/2017,0.5424
7/13/2017,0.5658
7/14/2017,0.5702
7/15/2017,0.5485
7/16/2017,0.5369
7/17/2017,0.5172
7/18/2017,0.5511
7/19/2017,0.5899
7/20/2017,0.5603
7/21/2017,0.5705
7/22/2017,0.5908
7/23/2017,0.5519
7/24/2017,0.5274
7/25/2017,0.552
7/26/2017,0.5865
7/27/2017,0.5584
7/28/2017,0.5857
8/1/2017,0.5626
8/2/2017,0.5889
8/3/2017,0.628
8/4/2017,0.6059
8/5/2017,0.5896
8/6/2017,0.5501
8/7/2017,0.5594
8/8/2017,0.5417
8/9/2017,0.5653
8/10/2017,0.5684
8/11/2017,0.552
8/12/2017,0.5817
8/13/2017,0.5559
8/14/2017,0.5433
8/15/2017,0.5271
8/16/2017,0.5499
8/17/2017,0.565
8/18/2017,0.5884
8/19/2017,0.5717
8/20/2017,0.5504
8/21/2017,0.5195
8/22/2017,0.512
8/23/2017,0.5337
8/24/2017,0.5461
8/25/2017,0.5708
8/26/2017,0.5808
8/27/2017,0.521
8/28/2017,0.5316
9/1/2017,0.5512
9/2/2017,0.5321
9/3/2017,0.5426
9/4/2017,0.5181
9/5/2017,0.5
9/6/2017,0.5194
9/7/2017,0.5178
9/8/2017,0.5084
9/9/2017,0.5089
9/10/2017,0.5
9/11/2017,0.5
9/12/2017,0.5
9/13/2017,0.5
9/14/2017,0.5166
9/15/2017,0.5186
9/16/2017,0.5126
9/17/2017,0.5
9/18/2017,0.5
9/19/2017,0.5
9/20/2017,0.5
9/21/2017,0.5123
9/22/2017,0.5192
9/23/2017,0.5
9/24/2017,0.5
9/25/2017,0.5
9/26/2017,0.5
9/27/2017,0.5
9/28/2017,0.504
10/1/2017,0.5
10/2/2017,0.5
10/3/2017,0.5
10/4/2017,0.5
10/5/2017,0.5
10/6/2017,0.5
10/7/2017,0.5
10/8/2017,0.469
10/9/2017,0.469
10/10/2017,0.469
10/11/2017,0.469
10/12/2017,0.469
10/13/2017,0.469
10/14/2017,0.469
10/15/2017,0.469
10/16/2017,0.469
10/17/2017,0.469
10/18/2017,0.469
10/19/2017,0.469
10/20/2017,0.469
10/21/2017,0.469
10/22/2017,0.469
10/23/2017,0.469
10/24/2017,0.469
10/25/2017,0.469
10/26/2017,0.469
10/27/2017,0.469
10/28/2017,0.469
11/1/2017,0.469
11/2/2017,0.47
11/3/2017,0.469
11/4/2017,0.469
11/5/2017,0.469
11/6/2017,0.469
11/7/2017,0.469
11/8/2017,0.469
11/9/2017,0.469
11/10/2017,0.469
11/11/2017,0.469
11/12/2017,0.469
11/13/2017,0.469
11/14/2017,0.469
11/15/2017,0.469
11/16/2017,0.469
11/17/2017,0.469
11/18/2017,0.469
11/19/2017,0.469
11/20/2017,0.469
11/21/2017,0.469
11/22/2017,0.469
11/23/2017,0.469
11/24/2017,0.469
11/25/2017,0.469
11/26/2017,0.4273
11/27/2017,0.4273
11/28/2017,0.4273
12/1/2017,0.4273
12/2/2017,0.4273
12/3/2017,0.4273
12/4/2017,0.4273
12/5/2017,0.4273
12/6/2017,0.4273
12/7/2017,0.4273
12/8/2017,0.4273
12/9/2017,0.4273
12/10/2017,0.4273
12/11/2017,0.4273
12/12/2017,0.4273
12/13/2017,0.4273
12/14/2017,0.4273
12/15/2017,0.4273
12/16/2017,0.4273
12/17/2017,0.4273
12/18/2017,0.4273
12/19/2017,0.4273
12/20/2017,0.4273
12/21/2017,0.4273
12/22/2017,0.4273
12/23/2017,0.4273
12/24/2017,0.4273
12/25/2017,0.4273
12/26/2017,0.4273
12/27/2017,0.4273
12/28/2017,0.4273
1/1/2018,0.4273
1/2/2018,0.4273
1/3/2018,0.4273
1/4/2018,0.4273
1/5/2018,0.4273
1/6/2018,0.4273
1/7/2018,0.3994
1/8/2018,0.3994
1/9/2018,0.3994
1/10/2018,0.3994
1/11/2018,0.3994
1/12/2018,0.3994
1/13/2018,0.3994
1/14/2018,0.3994
1/15/2018,0.3994
1/16/2018,0.3994
1/17/2018,0.3994
1/18/2018,0.3994
1/19/2018,0.3994
1/20/2018,0.3994
1/21/2018,0.3994
1/22/2018,0.3994
1/23/2018,0.3994
1/24/2018,0.3994
1/25/2018,0.3994
1/26/2018,0.3994
1/27/2018,0.3994
1/28/2018,0.3994
2/1/2018,0.3994
2/2/2018,0.3994
2/3/2018,0.3994
2/4/2018,0.3994
2/5/2018,0.3994
2/6/2018,0.3994
2/7/2018,0.3994
2/8/2018,0.3994
2/9/2018,0.3994
2/10/2018,0.3994
2/11/2018,0.3994
2/12/2018,0.3994
2/13/2018,0.3994
2/14/2018,0.3994
2/15/2018,0.3994
2/16/2018,0.3994
2/17/2018,0.3994
2/18/2018,0.3994
2/19/2018,0.3994
2/20/2018,0.3994
2/21/2018,0.3994
2/22/2018,0.3994
2/23/2018,0.3994
2/24/2018,0.3994
2/25/2018,0.3994
2/26/2018,0.3994
2/27/2018,0.3994
2/28/2018,0.3994
3/1/2018,0.3994
3/2/2018,0.3994
3/3/2018,0.3994
3/4/2018,0.3994
3/5/2018,0.3994
3/6/2018,0.3994
3/7/2018,0.3994
3/8/2018,0.3855
3/9/2018,0.3855
3/10/2018,0.3855
3/11/2018,0.3855
3/12/2018,0.3855
3/13/2018,0.3855
3/14/2018,0.3855
3/15/2018,0.3855
3/16/2018,0.3855
3/17/2018,0.3855
3/18/2018,0.3855
3/19/2018,0.3855
3/20/2018,0.3855
3/21/2018,0.3855
3/22/2018,0.3855
3/23/2018,0.3855
3/24/2018,0.3855
3/25/2018,0.3855
3/26/2018,0.3855
3/27/2018,0.3855
3/28/2018,0.3855
4/1/2018,0.3855
4/2/2018,0.3855
4/3/2018,0.3855
4/4/2018,0.3855
4/5/2018,0.3855
4/6/2018,0.3855
4/7/2018,0.3855
4/8/2018,0.3855
4/9/2018,0.3855
4/10/2018,0.3855
4/11/2018,0.3855
4/12/2018,0.3855
4/13/2018,0.3855
4/14/2018,0.3855
4/15/2018,0.3855
4/16/2018,0.3855
4/17/2018,0.3855
4/18/2018,0.3855
4/19/2018,0.3855
4/20/2018,0.3855
4/21/2018,0.3855
4/22/2018,0.3715
4/23/2018,0.3715
4/24/2018,0.3715
4/25/2018,0.3715
4/26/2018,0.3715
4/27/2018,0.3715
4/28/2018,0.3715
5/1/2018,0.3715
5/2/2018,0.3715
5/3/2018,0.3715
5/4/2018,0.3715
5/5/2018,0.3715
5/6/2018,0.3715
5/7/2018,0.3715
5/8/2018,0.3715
5/9/2018,0.3715
5/10/2018,0.3715
5/11/2018,0.3715
5/12/2018,0.3715
5/13/2018,0.3715
5/14/2018,0.3715
5/15/2018,0.3715
5/16/2018,0.3715
5/17/2018,0.3715
5/18/2018,0.3715
5/19/2018,0.3715
5/20/2018,0.3715
5/21/2018,0.3715
5/22/2018,0.3715
5/23/2018,0.3715
5/24/2018,0.3715
5/25/2018,0.3715
5/26/2018,0.3715
5/27/2018,0.3715
5/28/2018,0.3715
6/1/2018,0.3715
6/2/2018,0.3715
6/3/2018,0.3715
6/4/2018,0.3715
6/5/2018,0.3715
6/6/2018,0.3715
6/7/2018,0.3715
6/8/2018,0.3715
6/9/2018,0.3715
6/10/2018,0.3715
6/11/2018,0.3715
6/12/2018,0.3715
6/13/2018,0.3715
6/14/2018,0.3715
6/15/2018,0.3715
6/16/2018,0.3715
6/17/2018,0.3715
6/18/2018,0.3715
6/19/2018,0.3715
6/20/2018,0.3715
6/21/2018,0.3715
6/22/2018,0.3715
6/23/2018,0.3715
6/24/2018,0.3715
6/25/2018,0.3715
6/26/2018,0.3715
6/27/2018,0.3715
6/28/2018,0.3715
7/1/2018,0.3715
7/2/2018,0.3715
7/3/2018,0.3715
7/4/2018,0.3715
7/5/2018,0.3715
7/6/2018,0.3715
7/7/2018,0.3715
7/8/2018,0.3715
7/9/2018,0.3715
7/10/2018,0.3715
7/11/2018,0.3715
7/12/2018,0.3715
7/13/2018,0.3715
7/14/2018,0.3715
7/15/2018,0.3715
7/16/2018,0.3715
7/17/2018,0.3715
7/18/2018,0.3715
7/19/2018,0.3715
7/20/2018,0.3715
7/21/2018,0.3715
7/22/2018,0.3715
7/23/2018,0.3715
7/24/2018,0.3715
7/25/2018,0.3715
7/26/2018,0.3715
7/27/2018,0.3715
7/28/2018,0.3715
8/1/2018,0.3715
8/2/2018,0.3715
8/3/2018,0.3715
8/4/2018,0.3715
8/5/2018,0.3715
8/6/2018,0.3715
8/7/2018,0.3715
8/8/2018,0.3715
8/9/2018,0.3715
8/10/2018,0.3715
8/11/2018,0.3715
8/12/2018,0.3715
8/13/2018,0.3715
8/14/2018,0.3715
8/15/2018,0.3715
8/16/2018,0.3715
8/17/2018,0.3715
8/18/2018,0.3715
8/19/2018,0.3715
8/20/2018,0.3715
8/21/2018,0.3715
8/22/2018,0.3715
8/23/2018,0.3715
8/24/2018,0.3715
8/25/2018,0.3715
8/26/2018,0.3715
8/27/2018,0.3715
8/28/2018,0.3715
9/1/2018,0.3715
9/2/2018,0.3715
9/3/2018,0.3715
9/4/2018,0.3715
9/5/2018,0.3715
9/6/2018,0.3715
9/7/2018,0.3715
9/8/2018,0.3715
9/9/2018,0.3715
9/10/2018,0.3715
9/11/2018,0.3715
9/12/2018,0.3715
9/13/2018,0.3715
9/14/2018,0.3715
9/15/2018,0.3715
9/16/2018,0.3715
9/17/2018,0.3715
9/18/2018,0.3715
9/19/2018,0.3715
9/20/2018,0.3715
9/21/2018,0.3715
9/22/2018,0.3715
9/23/2018,0.3715
9/24/2018,0.3715
9/25/2018,0.3715
9/26/2018,0.3715
9/27/2018,0.3715
9/28/2018,0.3715
10/1/2018,0.3715
10/2/2018,0.3715
10/3/2018,0.3715
10/4/2018,0.3715
10/5/2018,0.3715
10/6/2018,0.3715
10/7/2018,0.3715
10/8/2018,0.3715
10/9/2018,0.3715
10/10/2018,0.3715
10/11/2018,0.3715
10/12/2018,0.3715
10/13/2018,0.3715
10/14/2018,0.3715
10/15/2018,0.3715
10/16/2018,0.3715
10/17/2018,0.3715
10/18/2018,0.3715
10/19/2018,0.3715
10/20/2018,0.3715
10/21/2018,0.3715
10/22/2018,0.3715
10/23/2018,0.3715
10/24/2018,0.3715
10/25/2018,0.3715
10/26/2018,0.3715
10/27/2018,0.3715
10/28/2018,0.3715
11/1/2018,0.3715
11/2/2018,0.3715
11/3/2018,0.3715
11/4/2018,0.3715
11/5/2018,0.3715
11/6/2018,0.3715
11/7/2018,0.3715
11/8/2018,0.3715
11/9/2018,0.3715
11/10/2018,0.3715
11/11/2018,0.3715
11/12/2018,0.3715
11/13/2018,0.3715
11/14/2018,0.3715
11/15/2018,0.3715
11/16/2018,0.3715
11/17/2018,0.3715
11/18/2018,0.3715
11/19/2018,0.3715
11/20/2018,0.3715
11/21/2018,0.3715
11/22/2018,0.3715
11/23/2018,0.3715
11/24/2018,0.3715
11/25/2018,0.3715
11/26/2018,0.3715
11/27/2018,0.3715
11/28/2018,0.3715
12/1/2018,0.3715
12/2/2018,0.3715
12/3/2018,0.3715
12/4/2018,0.3715
12/5/2018,0.3715
12/6/2018,0.3715
12/7/2018,0.3715
12/8/2018,0.3715
12/9/2018,0.3715
12/10/2018,0.3715
12/11/2018,0.3715
12/12/2018,0.3715
12/13/2018,0.3715
12/14/2018,0.3715
12/15/2018,0.3715
12/16/2018,0.3715
12/17/2018,0.3715
12/18/2018,0.3715
12/19/2018,0.3715
12/20/2018,0.3715
12/21/2018,0.3715
12/22/2018,0.3715
12/23/2018,0.3715
12/24/2018,0.3715
12/25/2018,0.3715
12/26/2018,0.3715
12/27/2018,0.3715
12/28/2018,0.3715
1/1/2019,0.3715
1/2/2019,0.3715
1/3/2019,0.3715
1/4/2019,0.3715
1/5/2019,0.3715
1/6/2019,0.3715
1/7/2019,0.3715
1/8/2019,0.3715
1/9/2019,0.3715
1/10/2019,0.3715
1/11/2019,0.3715
1/12/2019,0.3715
1/13/2019,0.3715
1/14/2019,0.3715
1/15/2019,0.3715
1/16/2019,0.3715
1/17/2019,0.3715
1/18/2019,0.3715
1/19/2019,0.3715
1/20/2019,0.3715
1/21/2019,0.3715
1/22/2019,0.3715
1/23/2019,0.3715
1/24/2019,0.3715
1/25/2019,0.3715
1/26/2019,0.3715
1/27/2019,0.3715
1/28/2019,0.3715
2/1/2019,0.3715
2/2/2019,0.3715
2/3/2019,0.3715
2/4/2019,0.3715
2/5/2019,0.3715
2/6/2019,0.3715
2/7/2019,0.3715
2/8/2019,0.3715
2/9/2019,0.3715
2/10/2019,0.3715
2/11/2019,0.3715
2/12/2019,0.3715
2/13/2019,0.3715
2/14/2019,0.3715
2/15/2019,0.3715
2/16/2019,0.3715
2/17/2019,0.3715
2/18/2019,0.3715
2/19/2019,0.3715
2/20/2019,0.3715
2/21/2019,0.3715
2/22/2019,0.3715
2/23/2019,0.3715
2/24/2019,0.3715
2/25/2019,0.3715
2/26/2019,0.3715
2/27/2019,0.3715
2/28/2019,0.3715
3/1/2019,0.3715
3/2/2019,0.3715
3/3/2019,0.3715
3/4/2019,0.3715
3/5/2019,0.3715
3/6/2019,0.3715
3/7/2019,0.3715
3/8/2019,0.3715
3/9/2019,0.3715
3/10/2019,0.3715
3/11/2019,0.3715
3/12/2019,0.3715
3/13/2019,0.3715
3/14/2019,0.3715
3/15/2019,0.3715
3/16/2019,0.3715
3/17/2019,0.3715
3/18/2019,0.3715
3/19/2019,0.3715
3/20/2019,0.3715
3/21/2019,0.3715
3/22/2019,0.3715
3/23/2019,0.3715
3/24/2019,0.3715
3/25/2019,0.3715
3/26/2019,0.3715
3/27/2019,0.3715
3/28/2019,0.3715
4/1/2019,0.3715
4/2/2019,0.3715
4/3/2019,0.3715
4/4/2019,0.3715
4/5/2019,0.3715
4/6/2019,0.3715
4/7/2019,0.3715
4/8/2019,0.3715
4/9/2019,0.3715
4/10/2019,0.3715
4/11/2019,0.3715
4/12/2019,0.3715
4/13/2019,0.3715
4/14/2019,0.3715
4/15/2019,0.3715
4/16/2019,0.3715
4/17/2019,0.3715
4/18/2019,0.3715
4/19/2019,0.3715
4/20/2019,0.3715
4/21/2019,0.3715
4/22/2019,0.3715
4/23/2019,0.3715
4/24/2019,0.3715
4/25/2019,0.3715
4/26/2019,0.3715
4/27/2019,0.3715
4/28/2019,0.3715
5/1/2019,0.3715
5/2/2019,0.3715
5/3/2019,0.3715
5/4/2019,0.3715
5/5/2019,0.3715
5/6/2019,0.3715
5/7/2019,0.3715
5/8/2019,0.3715
5/9/2019,0.3715
5/10/2019,0.3715
5/11/2019,0.3715
5/12/2019,0.3715
5/13/2019,0.3715
5/14/2019,0.3715
5/15/2019,0.3715
5/16/2019,0.3715
5/17/2019,0.3715
5/18/2019,0.3715
5/19/2019,0.3715
5/20/2019,0.3715
5/21/2019,0.3715
5/22/2019,0.3715
5/23/2019,0.3715
5/24/2019,0.3715
5/25/2019,0.3715
5/26/2019,0.3715
5/27/2019,0.3715
5/28/2019,0.3715
6/1/2019,0.3715
6/2/2019,0.3715
6/3/2019,0.3715
6/4/2019,0.3715
6/5/2019,0.3715
6/6/2019,0.3715
6/7/2019,0.3715
6/8/2019,0.3715
6/9/2019,0.3715
6/10/2019,0.3715
6/11/2019,0.3715
6/12/2019,0.3715
6/13/2019,0.3715
6/14/2019,0.3715
6/15/2019,0.3715
6/16/2019,0.3715
6/17/2019,0.3715
6/18/2019,0.3715
6/19/2019,0.3715
6/20/2019,0.3715
6/21/2019,0.3715
6/22/2019,0.3715
6/23/2019,0.3715
6/24/2019,0.3715
6/25/2019,0.3715
6/26/2019,0.3715
6/27/2019,0.3715
6/28/2019,0.3715
7/1/2019,0.3715
7/2/2019,0.3715
7/3/2019,0.3715
7/4/2019,0.3715
7/5/2019,0.3715
7/6/2019,0.3715
7/7/2019,0.3715
7/8/2019,0.3715
7/9/2019,0.3715
7/10/2019,0.3715
7/11/2019,0.3715
7/12/2019,0.3715
7/13/2019,0.3715
7/14/2019,0.3715
7/15/2019,0.3715
7/16/2019,0.3715
7/17/2019,0.3715
7/18/2019,0.3715
7/19/2019,0.3715
7/20/2019,0.3715
7/21/2019,0.3715
7/22/2019,0.3715
7/23/2019,0.3715
7/24/2019,0.3715
7/25/2019,0.3715
7/26/2019,0.3715
7/27/2019,0.3715
7/28/2019,0.3715
8/1/2019,0.3715
8/2/2019,0.3715
8/3/2019,0.3715
8/4/2019,0.3715
8/5/2019,0.3715
8/6/2019,0.3715
8/7/2019,0.3715
8/8/2019,0.3715
8/9/2019,0.3715
8/10/2019,0.3715
8/11/2019,0.3715
8/12/2019,0.3715
8/13/2019,0.3715
8/14/2019,0.3715
8/15/2019,0.3715
8/16/2019,0.3715
8/17/2019,0.3715
8/18/2019,0.3715
8/19/2019,0.3715
8/20/2019,0.3715
8/21/2019,0.3715
8/22/2019,0.3715
8/23/2019,0.3715
8/24/2019,0.3715
8/25/2019,0.3715
8/26/2019,0.3715
8/27/2019,0.3715
8/28/2019,0.3715
9/1/2019,0.3434
9/2/2019,0.3434
9/3/2019,0.3434
9/4/2019,0.3434
9/5/2019,0.3434
9/6/2019,0.3434
9/7/2019,0.3434
9/8/2019,0.3434
9/9/2019,0.3434
9/10/2019,0.3434
9/11/2019,0.3434
9/12/2019,0.3434
9/13/2019,0.3434
9/14/2019,0.3434
9/15/2019,0.3434
9/16/2019,0.3434
9/17/2019,0.3434
9/18/2019,0.3434
9/19/2019,0.3434
9/20/2019,0.3434
9/21/2019,0.3434
9/22/2019,0.3434
9/23/2019,0.3434
9/24/2019,0.3434
9/25/2019,0.3434
9/26/2019,0.3434
9/27/2019,0.3434
9/28/2019,0.3434
10/1/2019,0.3434
10/2/2019,0.3434
10/3/2019,0.3434
10/4/2019,0.3434
10/5/2019,0.3434
10/6/2019,0.3434
10/7/2019,0.3434
10/8/2019,0.3434
10/9/2019,0.3434
10/10/2019,0.3434
10/11/2019,0.3434
10/12/2019,0.3434
10/13/2019,0.3434
10/14/2019,0.3434
10/15/2019,0.3434
10/16/2019,0.3434
10/17/2019,0.3434
10/18/2019,0.3434
10/19/2019,0.3153
10/20/2019,0.3153
10/21/2019,0.3153
10/22/2019,0.3153
10/23/2019,0.3153
10/24/2019,0.3153
10/25/2019,0.3153
10/26/2019,0.3153
10/27/2019,0.3153
10/28/2019,0.3153
11/1/2019,0.3153
11/2/2019,0.3153
11/3/2019,0.3153
11/4/2019,0.3153
11/5/2019,0.3153
11/6/2019,0.3153
11/7/2019,0.3153
11/8/2019,0.3153
11/9/2019,0.3153
11/10/2019,0.3153
11/11/2019,0.3153
11/12/2019,0.3153
11/13/2019,0.3153
11/14/2019,0.3153
11/15/2019,0.3153
11/16/2019,0.3153
11/17/2019,0.3153
11/18/2019,0.3153
11/19/2019,0.3153
11/20/2019,0.3153
11/21/2019,0.3153
11/22/2019,0.3153
11/23/2019,0.3153
11/24/2019,0.3153
11/25/2019,0.3153
11/26/2019,0.3153
11/27/2019,0.3153
11/28/2019,0.3153
12/1/2019,0.2871
12/2/2019,0.2871
12/3/2019,0.2871
12/4/2019,0.2871
12/5/2019,0.2871
12/6/2019,0.2871
12/7/2019,0.2871
12/8/2019,0.2871
12/9/2019,0.2871
12/10/2019,0.2871
12/11/2019,0.2871
12/12/2019,0.2871
12/13/2019,0.2871
12/14/2019,0.2871
12/15/2019,0.2871
12/16/2019,0.2871
12/17/2019,0.2871
12/18/2019,0.2871
12/19/2019,0.2871
12/20/2019,0.2871
12/21/2019,0.2871
12/22/2019,0.2871
12/23/2019,0.2871
12/24/2019,0.2871
12/25/2019,0.2871
12/26/2019,0.2871
12/27/2019,0.2871
12/28/2019,0.2871
1/1/2020,0.2871
1/2/2020,0.2871
1/3/2020,0.2871
1/4/2020,0.2871
1/5/2020,0.2871
1/6/2020,0.2871
1/7/2020,0.2871
1/8/2020,0.2871
1/9/2020,0.2871
1/10/2020,0.2871
1/11/2020,0.2871
1/12/2020,0.2588
1/13/2020,0.2588
1/14/2020,0.2588
1/15/2020,0.2588
1/16/2020,0.2588
1/17/2020,0.2588
1/18/2020,0.2588
1/19/2020,0.2588
1/20/2020,0.2588
1/21/2020,0.2588
1/22/2020,0.2588
1/23/2020,0.2588
1/24/2020,0.2588
1/25/2020,0.2588
1/26/2020,0.2588
1/27/2020,0.2588
1/28/2020,0.2588
2/1/2020,0.2588
2/2/2020,0.2588
2/3/2020,0.2588
2/4/2020,0.2588
2/5/2020,0.2588
2/6/2020,0.2588
2/7/2020,0.2588
2/8/2020,0.2588
2/9/2020,0.2588
2/10/2020,0.2588
2/11/2020,0.2588
2/12/2020,0.2588
2/13/2020,0.2588
2/14/2020,0.2588
2/15/2020,0.2588
2/16/2020,0.2588
2/17/2020,0.2588
2/18/2020,0.2588
2/19/2020,0.2588
2/20/2020,0.2588
2/21/2020,0.2588
2/22/2020,0.2588
2/23/2020,0.2588
2/24/2020,0.2588
2/25/2020,0.2588
2/26/2020,0.2588
2/27/2020,0.2588
2/28/2020,0.2588
3/1/2020,0.2588
3/2/2020,0.2588
3/3/2020,0.2588
3/4/2020,0.2588
3/5/2020,0.2588
3/6/2020,0.2446
3/7/2020,0.2446
3/8/2020,0.2446
3/9/2020,0.2446
3/10/2020,0.2446
3/11/2020,0.2446
3/12/2020,0.2446
3/13/2020,0.2446
3/14/2020,0.2446
3/15/2020,0.2446
3/16/2020,0.2446
3/17/2020,0.2446
3/18/2020,0.2446
3/19/2020,0.2446
3/20/2020,0.2446
3/21/2020,0.2446
3/22/2020,0.2446
3/23/2020,0.2446
3/24/2020,0.2446
3/25/2020,0.2446
3/26/2020,0.2446
3/27/2020,0.2446
3/28/2020,0.2446
4/1/2020,0.2446
4/2/2020,0.2446
4/3/2020,0.2446
4/4/2020,0.2446
4/5/2020,0.2446
4/6/2020,0.2446
4/7/2020,0.2446
4/8/2020,0.2446
4/9/2020,0.2446
4/10/2020,0.2446
4/11/2020,0.2446
4/12/2020,0.2446
4/13/2020,0.2446
4/14/2020,0.2446
4/15/2020,0.2446
4/16/2020,0.2446
4/17/2020,0.2446
4/18/2020,0.2446
4/19/2020,0.2162
4/20/2020,0.2162
4/21/2020,0.2162
4/22/2020,0.2162
4/23/2020,0.2162
4/24/2020,0.2162
4/25/2020,0.2162
4/26/2020,0.2162
4/27/2020,0.2162
4/28/2020,0.2162
5/1/2020,0.2162
5/2/2020,0.2162
5/3/2020,0.2162
5/4/2020,0.2162
5/5/2020,0.2162
5/6/2020,0.2162
5/7/2020,0.2162
5/8/2020,0.2162
5/9/2020,0.2162
5/10/2020,0.2162
5/11/2020,0.2162
5/12/2020,0.2162
5/13/2020,0.2162
5/14/2020,0.2162
5/15/2020,0.2162
5/16/2020,0.2162
5/17/2020,0.2162
5/18/2020,0.2162
5/19/2020,0.2162
5/20/2020,0.2162
5/21/2020,0.2162
5/22/2020,0.2162
5/23/2020,0.2162
5/24/2020,0.2162
5/25/2020,0.2162
5/26/2020,0.2162
5/27/2020,0.2162
5/28/2020,0.2162
6/1/2020,0.2162
6/2/2020,0.2162
6/3/2020,0.2162
6/4/2020,0.2162
6/5/2020,0.2162
6/6/2020,0.2162
6/7/2020,0.1733
6/8/2020,0.1733
6/9/2020,0.1733
6/10/2020,0.1733
6/11/2020,0.1733
6/12/2020,0.1733
6/13/2020,0.1733
6/14/2020,0.1733
6/15/2020,0.1733
6/16/2020,0.1733
6/17/2020,0.1733
6/18/2020,0.1733
6/19/2020,0.1733
6/20/2020,0.1733
6/21/2020,0.1733
6/22/2020,0.1733
6/23/2020,0.1733
6/24/2020,0.1733
6/25/2020,0.1733
6/26/2020,0.1733
6/27/2020,0.1733
6/28/2020,0.1733
7/1/2020,0.1733
7/2/2020,0.1733
7/3/2020,0.1733
7/4/2020,0.1733
7/5/2020,0.1733
7/6/2020,0.1733
7/7/2020,0.1733
7/8/2020,0.1733
7/9/2020,0.1733
7/10/2020,0.1733
7/11/2020,0.1733
7/12/2020,0.1733
7/13/2020,0.1733
7/14/2020,0.1733
7/15/2020,0.1733
7/16/2020,0.1733
7/17/2020,0.1733
7/18/2020,0.1303
7/19/2020,0.1303
7/20/2020,0.1303
7/21/2020,0.1303
7/22/2020,0.1303
7/23/2020,0.1303
7/24/2020,0.1303
7/25/2020,0.1303
7/26/2020,0.1303
7/27/2020,0.1303
7/28/2020,0.1303
8/1/2020,0.1303
8/2/2020,0.1303
8/3/2020,0.1303
8/4/2020,0.1303
8/5/2020,0.1303
8/6/2020,0.1303
8/7/2020,0.1303
8/8/2020,0.1303
8/9/2020,0.1303
8/10/2020,0.1303
8/11/2020,0.1303
8/12/2020,0.1303
8/13/2020,0.1303
8/14/2020,0.1303
8/15/2020,0.1303
8/16/2020,0.1303
8/17/2020,0.1303
8/18/2020,0.1303
8/19/2020,0.1303
8/20/2020,0.1303
8/21/2020,0.1303
8/22/2020,0.1303
8/23/2020,0.1303
8/24/2020,0.1303
8/25/2020,0.1303
8/26/2020,0.1303
8/27/2020,0.1303
8/28/2020,0.1303
9/1/2020,0.1303
9/2/2020,0.1303
9/3/2020,0.1303
9/4/2020,0.1303
9/5/2020,0.1303
9/6/2020,0.1159
9/7/2020,0.1159
9/8/2020,0.1159
9/9/2020,0.1159
9/10/2020,0.1159
9/11/2020,0.1159
9/12/2020,0.1159
9/13/2020,0.1159
9/14/2020,0.1159
9/15/2020,0.1159
9/16/2020,0.1159
9/17/2020,0.1159
9/18/2020,0.1159
9/19/2020,0.1159
9/20/2020,0.1159
9/21/2020,0.1159
9/22/2020,0.1159
9/23/2020,0.1159
9/24/2020,0.1159
9/25/2020,0.1159
9/26/2020,0.1159
9/27/2020,0.1159
9/28/2020,0.1159
10/1/2020,0.1159
10/2/2020,0.1159
10/3/2020,0.1159
10/4/2020,0.1159
10/5/2020,0.1159
10/6/2020,0.1159
10/7/2020,0.1159
10/8/2020,0.1159
10/9/2020,0.1159
10/10/2020,0.1159
10/11/2020,0.1159
10/12/2020,0.1159
10/13/2020,0.1159
10/14/2020,0.1159
10/15/2020,0.1159
10/16/2020,0.1159
10/17/2020,0.1159
10/18/2020,0.1159
10/19/2020,0.1159
10/20/2020,0.1159
10/21/2020,0.1159
10/22/2020,0.1159
10/23/2020,0.1159
10/24/2020,0.1159
10/25/2020,0.1159
10/26/2020,0.1159
10/27/2020,0.1159
10/28/2020,0.1159
11/1/2020,0.1159
11/2/2020,0.1159
11/3/2020,0.1159
11/4/2020,0.1159
11/5/2020,0.1159
11/6/2020,0.1159
11/7/2020,0.1159
11/8/2020,0.1159
11/9/2020,0.1159
11/10/2020,0.1159
11/11/2020,0.1159
11/12/2020,0.1159
11/13/2020,0.1159
11/14/2020,0.1159
11/15/2020,0.1159
11/16/2020,0.1159
11/17/2020,0.1159
11/18/2020,0.1159
11/19/2020,0.1159
11/20/2020,0.1159
11/21/2020,0.1159
11/22/2020,0.1159
11/23/2020,0.1159
11/24/2020,0.1159
11/25/2020,0.1159
11/26/2020,0.1159
11/27/2020,0.1159
11/28/2020,0.1159
12/1/2020,0.1159
12/2/2020,0.1159
12/3/2020,0.1159
12/4/2020,0.1159
12/5/2020,0.1159
12/6/2020,0.1159
12/7/2020,0.1159
12/8/2020,0.1159
12/9/2020,0.1159
12/10/2020,0.1159
12/11/2020,0.1159
12/12/2020,0.1159
12/13/2020,0.1159
12/14/2020,0.1159
12/15/2020,0.1159
12/16/2020,0.1159
12/17/2020,0.1159
12/18/2020,0.1159
12/19/2020,0.1159
12/20/2020,0.1159
12/21/2020,0.1159
12/22/2020,0.1159
12/23/2020,0.1159
12/24/2020,0.1159
12/25/2020,0.1159
12/26/2020,0.1159
12/27/2020,0.1159
12/28/2020,0.1159
1/1/2021,0.1159
1/2/2021,0.1159
1/3/2021,0.1159
1/4/2021,0.1159
1/5/2021,0.1159
1/6/2021,0.1159
1/7/2021,0.1159
1/8/2021,0.1159
1/9/2021,0.1159
1/10/2021,0.1159
1/11/2021,0.1159
1/12/2021,0.1159
1/13/2021,0.1159
1/14/2021,0.1159
1/15/2021,0.1159
1/16/2021,0.1159
1/17/2021,0.1159
1/18/2021,0.1159
1/19/2021,0.1159
1/20/2021,0.1159
1/21/2021,0.1159
1/22/2021,0.1159
1/23/2021,0.1159
1/24/2021,0.1159
1/25/2021,0.1159
1/26/2021,0.1159
1/27/2021,0.1159
1/28/2021,0.1159
2/1/2021,0.1159
2/2/2021,0.1159
2/3/2021,0.1159
2/4/2021,0.1159
2/5/2021,0.1159
2/6/2021,0.1159
2/7/2021,0.1159
2/8/2021,0.1159
2/9/2021,0.1159
2/10/2021,0.1159
2/11/2021,0.1159
2/12/2021,0.1159
2/13/2021,0.1159
2/14/2021,0.1159
2/15/2021,0.1159
2/16/2021,0.1159
2/17/2021,0.1159
2/18/2021,0.1159
2/19/2021,0.1159
2/20/2021,0.1159
2/21/2021,0.1159
2/22/2021,0.1159
2/23/2021,0.1159
2/24/2021,0.1159
2/25/2021,0.1159
2/26/2021,0.1159
2/27/2021,0.1159
2/28/2021,0.1159
3/1/2021,0.1159
3/2/2021,0.1159
3/3/2021,0.1159
3/4/2021,0.1159
3/5/2021,0.1159
3/6/2021,0.1159
3/7/2021,0.1159
3/8/2021,0.1159
3/9/2021,0.1159
3/10/2021,0.1159
3/11/2021,0.1159
3/12/2021,0.1159
3/13/2021,0.1159
3/14/2021,0.1159
3/15/2021,0.1159
3/16/2021,0.1159
3/17/2021,0.1159
3/18/2021,0.1159
3/19/2021,0.1159
3/20/2021,0.1159
3/21/2021,0.1159
3/22/2021,0.1159
3/23/2021,0.1159
3/24/2021,0.1159
3/25/2021,0.1159
3/26/2021,0.1159
3/27/2021,0.1159
3/28/2021,0.1159
4/1/2021,0.1159
4/2/2021,0.1159
4/3/2021,0.1159
4/4/2021,0.1159
4/5/2021,0.1159
4/6/2021,0.1159
4/7/2021,0.1159
4/8/2021,0.1159
4/9/2021,0.1159
4/10/2021,0.1159
4/11/2021,0.1159
4/12/2021,0.1159
4/13/2021,0.1159
4/14/2021,0.1159
4/15/2021,0.1159
4/16/2021,0.1159
4/17/2021,0.1159
4/18/2021,0.159
4/19/2021,0.159
4/20/2021,0.159
4/21/2021,0.159
4/22/2021,0.159
4/23/2021,0.159
4/24/2021,0.159
4/25/2021,0.159
4/26/2021,0.159
4/27/2021,0.159
4/28/2021,0.159
5/1/2021,0.159
5/2/2021,0.159
5/3/2021,0.159
5/4/2021,0.159
5/5/2021,0.159
5/6/2021,0.159
5/7/2021,0.159
5/8/2021,0.159
5/9/2021,0.159
5/10/2021,0.159
5/11/2021,0.159
5/12/2021,0.159
5/13/2021,0.159
5/14/2021,0.159
5/15/2021,0.159
5/16/2021,0.159
5/17/2021,0.159
5/18/2021,0.159
5/19/2021,0.159
5/20/2021,0.159
5/21/2021,0.159
5/22/2021,0.159
5/23/2021,0.159
5/24/2021,0.159
5/25/2021,0.159
5/26/2021,0.159
5/27/2021,0.159
5/28/2021,0.159
6/1/2021,0.159
6/2/2021,0.159
6/3/2021,0.159
6/4/2021,0.159
6/5/2021,0.159
6/6/2021,0.2019
6/7/2021,0.2019
6/8/2021,0.2019
6/9/2021,0.2019
6/10/2021,0.2019
6/11/2021,0.2019
6/12/2021,0.2019
6/13/2021,0.2019
6/14/2021,0.2019
6/15/2021,0.2019
6/16/2021,0.2019
6/17/2021,0.2019
6/18/2021,0.2019
6/19/2021,0.2019
6/20/2021,0.2019
6/21/2021,0.2019
6/22/2021,0.2019
6/23/2021,0.2019
6/24/2021,0.2019
6/25/2021,0.2019
6/26/2021,0.2019
6/27/2021,0.2019
6/28/2021,0.2019
7/1/2021,0.2019
7/2/2021,0.2019
7/3/2021,0.2019
7/4/2021,0.2019
7/5/2021,0.2019
7/6/2021,0.2019
7/7/2021,0.2019
7/8/2021,0.2019
7/9/2021,0.2019
7/10/2021,0.2019
7/11/2021,0.2019
7/12/2021,0.2019
7/13/2021,0.2019
7/14/2021,0.2019
7/15/2021,0.2019
7/16/2021,0.2019
7/17/2021,0.2446
7/18/2021,0.2446
7/19/2021,0.2446
7/20/2021,0.2446
7/21/2021,0.2446
7/22/2021,0.2446
7/23/2021,0.2446
7/24/2021,0.2446
7/25/2021,0.2446
7/26/2021,0.2446
7/27/2021,0.2446
7/28/2021,0.2446
8/1/2021,0.2446
8/2/2021,0.2446
8/3/2021,0.2446
8/4/2021,0.2446
8/5/2021,0.2446
8/6/2021,0.2446
8/7/2021,0.2446
8/8/2021,0.2446
8/9/2021,0.2446
8/10/2021,0.2446
8/11/2021,0.2446
8/12/2021,0.2446
8/13/2021,0.2446
8/14/2021,0.2446
8/15/2021,0.2446
8/16/2021,0.2446
8/17/2021,0.2446
8/18/2021,0.2446
8/19/2021,0.2446
8/20/2021,0.2446
8/21/2021,0.2446
8/22/2021,0.2446
8/23/2021,0.2446
8/24/2021,0.2446
8/25/2021,0.2446
8/26/2021,0.2446
8/27/2021,0.2446
8/28/2021,0.2446
9/1/2021,0.2446
9/2/2021,0.2446
9/3/2021,0.2446
9/4/2021,0.2446
9/5/2021,0.3012
9/6/2021,0.3012
9/7/2021,0.3012
9/8/2021,0.3012
9/9/2021,0.3012
9/10/2021,0.3012
9/11/2021,0.3012
9/12/2021,0.3012
9/13/2021,0.3012
9/14/2021,0.3012
9/15/2021,0.3012
9/16/2021,0.3012
9/17/2021,0.3012
9/18/2021,0.3012
9/19/2021,0.3012
9/20/2021,0.3012
9/21/2021,0.3012
9/22/2021,0.3012
9/23/2021,0.3012
9/24/2021,0.3012
9/25/2021,0.3012
9/26/2021,0.3012
9/27/2021,0.3012
9/28/2021,0.3012
10/1/2021,0.3012
10/2/2021,0.3012
10/3/2021,0.3012
10/4/2021,0.3012
10/5/2021,0.3012
10/6/2021,0.3012
10/7/2021,0.3012
10/8/2021,0.3012
10/9/2021,0.3012
10/10/2021,0.3012
10/11/2021,0.3012
10/12/2021,0.3012
10/13/2021,0.3012
10/14/2021,0.3012
10/15/2021,0.3012
10/16/2021,0.3012
10/17/2021,0.3012
10/18/2021,0.3012
10/19/2021,0.3012
10/20/2021,0.3012
10/21/2021,0.3012
10/22/2021,0.3012
10/23/2021,0.3575
10/24/2021,0.3575
10/25/2021,0.3575
10/26/2021,0.3575
10/27/2021,0.3575
10/28/2021,0.3575
11/1/2021,0.3575
11/2/2021,0.3575
11/3/2021,0.3575
11/4/2021,0.3575
11/5/2021,0.3575
11/6/2021,0.3575
11/7/2021,0.3575
11/8/2021,0.3575
11/9/2021,0.3575
11/10/2021,0.3575
11/11/2021,0.3575
11/12/2021,0.3575
11/13/2021,0.3575
11/14/2021,0.3575
11/15/2021,0.3575
11/16/2021,0.3575
11/17/2021,0.3575
11/18/2021,0.3575
11/19/2021,0.3575
11/20/2021,0.3575
11/21/2021,0.3575
11/22/2021,0.3575
11/23/2021,0.3575
11/24/2021,0.3575
11/25/2021,0.3575
11/26/2021,0.3575
11/27/2021,0.3575
11/28/2021,0.4412
12/1/2021,0.4412
12/2/2021,0.4412
12/3/2021,0.4412
12/4/2021,0.4412
12/5/2021,0.4412
12/6/2021,0.4412
12/7/2021,0.4412
12/8/2021,0.4412
12/9/2021,0.4412
12/10/2021,0.4412
12/11/2021,0.4412
12/12/2021,0.4412
12/13/2021,0.4412
12/14/2021,0.4412
12/15/2021,0.4412
12/16/2021,0.4556
12/17/2021,0.4578
12/18/2021,0.4586
12/19/2021,0.4412
12/20/2021,0.4412
12/21/2021,0.4412
12/22/2021,0.457
12/23/2021,0.4583
12/24/2021,0.4607
12/25/2021,0.462
12/26/2021,0.4412
12/27/2021,0.4412
12/28/2021,0.4412
1/1/2022,0.4902
1/2/2022,0.4739
1/3/2022,0.4572
1/4/2022,0.4626
1/5/2022,0.489
1/6/2022,0.5154
1/7/2022,0.5249
1/8/2022,0.5237
1/9/2022,0.5655
1/10/2022,0.5438
1/11/2022,0.5471
1/12/2022,0.5732
1/13/2022,0.5992
1/14/2022,0.6029
1/15/2022,0.6042
1/16/2022,0.5839
1/17/2022,0.55
1/18/2022,0.5539
1/19/2022,0.59
1/20/2022,0.6162
1/21/2022,0.6201
1/22/2022,0.6147
1/23/2022,0.591
1/24/2022,0.5691
1/25/2022,0.5739
1/26/2022,0.6002
1/27/2022,0.6265
1/28/2022,0.6319
2/1/2022,0.5608
2/2/2022,0.5872
2/3/2022,0.6138
2/4/2022,0.6158
2/5/2022,0.6146
2/6/2022,0.5908
2/7/2022,0.566
2/8/2022,0.5677
2/9/2022,0.5946
2/10/2022,0.6215
2/11/2022,0.6249
2/12/2022,0.6255
2/13/2022,0.6
2/14/2022,0.5751
2/15/2022,0.5764
2/16/2022,0.6036
2/17/2022,0.631
2/18/2022,0.6324
2/19/2022,0.634
2/20/2022,0.6107
2/21/2022,0.5845
2/22/2022,0.5877
2/23/2022,0.6156
2/24/2022,0.6435
2/25/2022,0.6443
2/26/2022,0.6371
2/27/2022,0.6119
2/28/2022,0.548
3/1/2022,0.5
3/2/2022,0.5
3/3/2022,0.5
3/4/2022,0.5
3/5/2022,0.5
3/6/2022,0.5
3/7/2022,0.5
3/8/2022,0.5
3/9/2022,0.5
3/10/2022,0.5
3/11/2022,0.5
3/12/2022,0.5
3/13/2022,0.5
3/14/2022,0.5
3/15/2022,0.5
3/16/2022,0.5
3/17/2022,0.5
3/18/2022,0.5
3/19/2022,0.5
3/20/2022,0.5
3/21/2022,0.5
3/22/2022,0.5
3/23/2022,0.5
3/24/2022,0.5
3/25/2022,0.5
3/26/2022,0.5
3/27/2022,0.5
3/28/2022,0.5
4/1/2022,0.5976
4/2/2022,0.6304
4/3/2022,0.5997
4/4/2022,0.5673
4/5/2022,0.5779
4/6/2022,0.6017
4/7/2022,0.6355
4/8/2022,0.6393
4/9/2022,0.6422
4/10/2022,0.6129
4/11/2022,0.5855
4/12/2022,0.5938
4/13/2022,0.6274
4/14/2022,0.6513
4/15/2022,0.6559
4/16/2022,0.626
4/17/2022,0.6063
4/18/2022,0.5748
4/19/2022,0.5762
4/20/2022,0.6095
4/21/2022,0.6329
4/22/2022,0.6021
4/23/2022,0.6046
4/24/2022,0.5839
4/25/2022,0.5512
4/26/2022,0.5524
4/27/2022,0.5856
4/28/2022,0.6089
5/1/2022,0.5558
5/2/2022,0.5243
5/3/2022,0.5577
5/4/2022,0.5809
5/5/2022,0.5805
5/6/2022,0.5822
5/7/2022,0.5842
5/8/2022,0.5614
5/9/2022,0.5325
5/10/2022,0.5661
5/11/2022,0.5898
5/12/2022,0.5924
5/13/2022,0.5937
5/14/2022,0.5933
5/15/2022,0.5598
5/16/2022,0.5598
5/17/2022,0.5938
5/18/2022,0.6277
5/19/2022,0.6286
5/20/2022,0.6308
5/21/2022,0.6309
5/22/2022,0.6309
5/23/2022,0.5973
5/24/2022,0.6215
5/25/2022,0.6557
5/26/2022,0.6546
5/27/2022,0.6576
5/28/2022,0.6617
6/1/2022,0.6671
6/2/2022,0.6919
6/3/2022,0.6914
6/4/2022,0.6947
6/5/2022,0.6646
6/6/2022,0.6408
6/7/2022,0.6411
6/8/2022,0.666
6/9/2022,0.7011
6/10/2022,0.7013
6/11/2022,0.7033
6/12/2022,0.6672
6/13/2022,0.6414
6/14/2022,0.6425
6/15/2022,0.6674
6/16/2022,0.7025
6/17/2022,0.6692
6/18/2022,0.6697
6/19/2022,0.6441
6/20/2022,0.6084
6/21/2022,0.6067
6/22/2022,0.6418
6/23/2022,0.6667
6/24/2022,0.6724
6/25/2022,0.6719
6/26/2022,0.6462
6/27/2022,0.6112
6/28/2022,0.6118
7/1/2022,0.6491
7/2/2022,0.6519
7/3/2022,0.6162
7/4/2022,0.5828
7/5/2022,0.6195
7/6/2022,0.6462
7/7/2022,0.6491
7/8/2022,0.6509
7/9/2022,0.652
7/10/2022,0.626
7/11/2022,0.595
7/12/2022,0.6218
7/13/2022,0.6588
7/14/2022,0.6602
7/15/2022,0.6652
7/16/2022,0.6643
7/17/2022,0.6643
7/18/2022,0.6279
7/19/2022,0.6648
7/20/2022,0.6917
7/21/2022,0.6933
7/22/2022,0.6924
7/23/2022,0.6929
7/24/2022,0.6676
7/25/2022,0.6332
7/26/2022,0.6701
7/27/2022,0.6972
7/28/2022,0.6972
8/1/2022,0.6639
8/2/2022,0.6643
8/3/2022,0.7013
8/4/2022,0.7284
8/5/2022,0.7281
8/6/2022,0.7278
8/7/2022,0.7008
8/8/2022,0.6642
8/9/2022,0.6659
8/10/2022,0.7031
8/11/2022,0.7303
8/12/2022,0.7307
8/13/2022,0.7324
8/14/2022,0.7058
8/15/2022,0.6696
8/16/2022,0.671
8/17/2022,0.7083
8/18/2022,0.7358
8/19/2022,0.7373
8/20/2022,0.7372
8/21/2022,0.71
8/22/2022,0.6724
8/23/2022,0.673
8/24/2022,0.7105
8/25/2022,0.7381
8/26/2022,0.7385
8/27/2022,0.7386
8/28/2022,0.7132
9/1/2022,0.7421
9/2/2022,0.742
9/3/2022,0.7432
9/4/2022,0.7083
9/5/2022,0.6804
9/6/2022,0.681
9/7/2022,0.7088
9/8/2022,0.7088
9/9/2022,0.7075
9/10/2022,0.7075
9/11/2022,0.6798
9/12/2022,0.6521
9/13/2022,0.6526
9/14/2022,0.6803
9/15/2022,0.7082
9/16/2022,0.7084
9/17/2022,0.7086
9/18/2022,0.6793
9/19/2022,0.6524
9/20/2022,0.6524
9/21/2022,0.6801
9/22/2022,0.7079
9/23/2022,0.7087
9/24/2022,0.7087
9/25/2022,0.6809
9/26/2022,0.6527
9/27/2022,0.643
9/28/2022,0.6808
10/1/2022,0.6814
10/2/2022,0.6432
10/3/2022,0.6152
10/4/2022,0.643
10/5/2022,0.6809
10/6/2022,0.6809
10/7/2022,0.6817
10/8/2022,0.7097
10/9/2022,0.6818
10/10/2022,0.644
10/11/2022,0.6819
10/12/2022,0.7097
10/13/2022,0.6819
10/14/2022,0.683
10/15/2022,0.6835
10/16/2022,0.647
10/17/2022,0.6198
10/18/2022,0.6477
10/19/2022,0.6859
10/20/2022,0.685
10/21/2022,0.6845
10/22/2022,0.6824
10/23/2022,0.6512
10/24/2022,0.6142
10/25/2022,0.652
10/26/2022,0.6797
10/27/2022,0.6779
10/28/2022,0.6777
11/1/2022,0.6501
11/2/2022,0.6778
11/3/2022,0.6778
11/4/2022,0.6789
11/5/2022,0.6796
11/6/2022,0.652
11/7/2022,0.6136
11/8/2022,0.6137
11/9/2022,0.6514
11/10/2022,0.679
11/11/2022,0.6811
11/12/2022,0.6798
11/13/2022,0.6798
11/14/2022,0.6516
11/15/2022,0.6515
11/16/2022,0.6515
11/17/2022,0.6791
11/18/2022,0.6789
11/19/2022,0.6794
11/20/2022,0.6513
11/21/2022,0.6143
11/22/2022,0.6147
11/23/2022,0.6524
11/24/2022,0.6801
11/25/2022,0.6794
11/26/2022,0.6791
11/27/2022,0.6516
11/28/2022,0.6136
12/1/2022,0.6515
12/2/2022,0.6515
12/3/2022,0.6792
12/4/2022,0.6519
12/5/2022,0.6139
12/6/2022,0.6516
12/7/2022,0.6793
12/8/2022,0.6799
12/9/2022,0.6801
12/10/2022,0.6796
12/11/2022,0.6448
12/12/2022,0.617
12/13/2022,0.6448
12/14/2022,0.6828
12/15/2022,0.6827
12/16/2022,0.7105
12/17/2022,0.7123
12/18/2022,0.6834
12/19/2022,0.6445
12/20/2022,0.6825
12/21/2022,0.7103
12/22/2022,0.7103
12/23/2022,0.7103
12/24/2022,0.7102
12/25/2022,0.6821
12/26/2022,0.6447
12/27/2022,0.6827
12/28/2022,0.7105
1/1/2023,0.7082
1/2/2023,0.6806
1/3/2023,0.68
1/4/2023,0.7076
1/5/2023,0.7452
1/6/2023,0.745
1/7/2023,0.7455
1/8/2023,0.7125
1/9/2023,0.6778
1/10/2023,0.6789
1/11/2023,0.7065
1/12/2023,0.744
1/13/2023,0.7437
1/14/2023,0.7427
1/15/2023,0.7157
1/16/2023,0.6772
1/17/2023,0.6801
1/18/2023,0.7079
1/19/2023,0.7455
1/20/2023,0.7427
1/21/2023,0.7422
1/22/2023,0.7149
1/23/2023,0.677
1/24/2023,0.6782
1/25/2023,0.7156
1/26/2023,0.743
1/27/2023,0.7418
1/28/2023,0.7406
2/1/2023,0.7091
2/2/2023,0.7365
2/3/2023,0.7421
2/4/2023,0.7374
2/5/2023,0.7095
2/6/2023,0.6724
2/7/2023,0.6776
2/8/2023,0.7152
2/9/2023,0.7428
2/10/2023,0.7382
2/11/2023,0.7424
2/12/2023,0.7157
2/13/2023,0.6792
2/14/2023,0.6795
2/15/2023,0.7073
2/16/2023,0.745
2/17/2023,0.7426
2/18/2023,0.7438
2/19/2023,0.7154
2/20/2023,0.6772
2/21/2023,0.6495
2/22/2023,0.6495
2/23/2023,0.6772
2/24/2023,0.6774
2/25/2023,0.6758
2/26/2023,0.646
2/27/2023,0.6084
2/28/2023,0.6118
3/1/2023,0.5834
3/2/2023,0.5848
3/3/2023,0.5832
3/4/2023,0.5835
3/5/2023,0.5835
3/6/2023,0.5835
3/7/2023,0.5834
3/8/2023,0.5831
3/9/2023,0.5828
3/10/2023,0.5829
3/11/2023,0.5837
3/12/2023,0.5837
3/13/2023,0.5837
3/14/2023,0.583
3/15/2023,0.5823
3/16/2023,0.5825
3/17/2023,0.5825
3/18/2023,0.5825
3/19/2023,0.5825
3/20/2023,0.5825
3/21/2023,0.6099
3/22/2023,0.6474
3/23/2023,0.6481
3/24/2023,0.6477
3/25/2023,0.6474
3/26/2023,0.6474
3/27/2023,0.6474
3/28/2023,0.6475
4/1/2023,0.7404
4/2/2023,0.7129
4/3/2023,0.6752
4/4/2023,0.6751
4/5/2023,0.7125
4/6/2023,0.74
4/7/2023,0.7393
4/8/2023,0.7097
4/9/2023,0.6729
4/10/2023,0.6481
4/11/2023,0.6452
4/12/2023,0.6727
4/13/2023,0.7099
4/14/2023,0.7074
4/15/2023,0.7098
4/16/2023,0.6724
4/17/2023,0.6452
4/18/2023,0.6445
4/19/2023,0.6719
4/20/2023,0.7092
4/21/2023,0.7099
4/22/2023,0.6721
4/23/2023,0.6461
4/24/2023,0.6081
4/25/2023,0.6083
4/26/2023,0.6458
4/27/2023,0.6733
4/28/2023,0.6742
5/1/2023,0.5825
5/2/2023,0.5825
5/3/2023,0.6099
5/4/2023,0.6102
5/5/2023,0.6112
5/6/2023,0.6113
5/7/2023,0.5839
5/8/2023,0.5839
5/9/2023,0.6114
5/10/2023,0.6489
5/11/2023,0.649
5/12/2023,0.649
5/13/2023,0.649
5/14/2023,0.6117
5/15/2023,0.5844
5/16/2023,0.612
5/17/2023,0.6495
5/18/2023,0.6499
5/19/2023,0.6499
5/20/2023,0.6498
5/21/2023,0.6126
5/22/2023,0.6126
5/23/2023,0.6501
5/24/2023,0.6778
5/25/2023,0.6767
5/26/2023,0.6774
5/27/2023,0.6777
5/28/2023,0.6503
6/1/2023,0.7158
6/2/2023,0.7435
6/3/2023,0.7442
6/4/2023,0.7064
6/5/2023,0.6788
6/6/2023,0.6787
6/7/2023,0.7065
6/8/2023,0.7442
6/9/2023,0.7066
6/10/2023,0.707
6/11/2023,0.6794
6/12/2023,0.6525
6/13/2023,0.6522
6/14/2023,0.6799
6/15/2023,0.7078
6/16/2023,0.7079
6/17/2023,0.7082
6/18/2023,0.6809
6/19/2023,0.6427
6/20/2023,0.6523
6/21/2023,0.68
6/22/2023,0.7078
6/23/2023,0.7088
6/24/2023,0.7091
6/25/2023,0.6811
6/26/2023,0.6524
6/27/2023,0.6429
6/28/2023,0.6808
7/1/2023,0.6808
7/2/2023,0.6434
7/3/2023,0.6158
7/4/2023,0.6526
7/5/2023,0.6793
7/6/2023,0.6784
7/7/2023,0.6774
7/8/2023,0.6751
7/9/2023,0.6751
7/10/2023,0.6475
7/11/2023,0.6742
7/12/2023,0.7107
7/13/2023,0.7091
7/14/2023,0.7067
7/15/2023,0.706
